GEOID,total.x,less_10,between_10-15,between_15-20,between20-25,between_25-30,between_30-35,between_35-40,between_40-45,between_45-50,between_50-60,between_60-75,between_75-100,between_100-125,between_125-150,between_150-200,over_200,capita,ln_capita,population,total.y,black,latino,percentage.black,percentage.latino
17031190800,2029,94,102,95,178,252,92,279,112,44,223,308,108,91,8,0,43,15294,9.63521587360417,7297,7297,425,6297,0.05824311360833219,0.8629573797451007
17031190900,627,115,0,0,39,81,17,94,0,52,5,43,135,39,4,3,0,15911,9.674765972907856,2007,2007,200,1516,0.09965122072745392,0.7553562531141006
17031191000,599,75,60,8,43,0,20,125,0,0,52,154,56,6,0,0,0,12356,9.421897054038473,2263,2263,126,2105,0.05567830313742819,0.930181175430844
17031191100,2077,100,172,212,231,141,123,160,66,147,208,173,243,16,37,48,0,12449,9.429395577381786,8249,8249,952,6384,0.1154079282337253,0.7739119893320402
17031191200,943,76,151,37,137,59,63,25,83,94,23,55,103,16,14,0,7,10523,9.261318616740812,3804,3804,565,2763,0.148527865404837,0.7263406940063092
17031200100,1309,66,17,68,85,236,81,56,99,99,50,84,178,52,91,38,9,17897,9.792388380017409,4492,4492,87,3345,0.019367764915405164,0.7446571682991986
17031200200,1676,77,44,178,74,130,172,30,23,152,178,287,149,94,56,24,8,17448,9.766980307881465,5552,5552,82,4677,0.014769452449567724,0.8423991354466859
17031200300,669,56,88,43,47,44,12,11,64,30,44,95,94,0,41,0,0,14739,9.5982523208367585,2241,2241,58,1870,0.025881302989736725,0.8344489067380634
17031210100,1460,92,21,41,48,96,54,47,173,56,130,190,200,110,80,41,81,24341,10.099917450331914,4660,4660,323,2521,0.06931330472103005,0.5409871244635193
17031210400,901,67,55,86,65,20,54,65,114,59,68,75,146,0,0,18,9,18855,9.844533409692458,2415,2415,65,1442,0.026915113871635612,0.5971014492753624
17031210700,1702,49,91,87,121,210,49,131,52,78,239,174,149,185,48,30,9,20721,9.938902957757083,4939,4939,245,3112,0.04960518323547277,0.6300870621583317
17031210800,445,62,20,54,12,0,0,24,17,22,21,38,105,61,9,0,0,17952,9.795456808322422,1450,1450,29,1140,0.02,0.7862068965517242
17031210900,1221,83,11,85,42,78,95,120,10,77,121,108,102,138,61,59,31,26879,10.199100591564108,3076,3076,55,1741,0.01788036410923277,0.5659947984395318
17031220300,1038,53,8,52,77,45,34,16,33,69,50,258,153,56,21,88,25,28660,10.263257701382162,2648,2648,104,989,0.03927492447129909,0.3734894259818731
17031220400,1267,78,83,75,58,117,85,36,25,41,80,134,177,99,92,36,51,32968,10.403292673018653,2741,2741,153,1116,0.05581904414447282,0.4071506749361547
17031220500,1286,97,61,12,0,40,72,38,53,20,91,182,169,112,115,180,44,37759,10.538979136857908,3119,3119,229,1146,0.07342096825905739,0.36742545687720424
17031221000,1059,110,114,110,62,61,64,74,64,28,59,99,139,75,0,0,0,17548,9.772695262286105,2726,2726,466,1648,0.17094644167278064,0.6045487894350697
17031221100,2069,173,144,151,221,106,182,163,115,58,194,116,275,112,24,0,35,17123,9.748177867988971,6034,6034,601,3762,0.09960225389459729,0.6234670202187603
17031221200,1038,38,68,68,34,108,34,52,35,59,67,99,116,192,0,21,47,30177,10.314835323802448,2472,2472,205,1186,0.08292880258899676,0.4797734627831715
17031221300,1275,118,119,100,44,84,126,108,49,71,30,148,61,75,62,42,38,24546,10.108304187157454,3035,3035,154,1739,0.05074135090609555,0.5729818780889621
17031221400,1074,103,93,0,101,71,113,60,55,60,47,147,127,24,11,51,11,19136,9.859326656750358,3092,3092,48,2435,0.015523932729624839,0.78751617076326
17031221500,1559,202,173,121,59,48,63,57,39,61,75,154,230,187,56,19,15,26752,10.194364515884429,3508,3508,178,1634,0.05074116305587229,0.4657924743443558
17031221600,1404,53,9,37,72,63,48,46,28,126,129,247,138,140,87,53,128,47841,10.775638291416081,2726,2726,21,729,0.007703595011005136,0.2674247982391783
17031222200,995,42,22,2,48,78,5,20,24,27,66,67,122,67,66,180,159,61647,11.02917984560798,2075,2075,58,245,0.027951807228915663,0.1180722891566265
17031222500,571,51,9,83,30,26,118,0,34,9,36,54,30,45,42,0,4,18921,9.84802769533176,1549,1549,173,1080,0.11168495803744351,0.697224015493867
17031222600,714,103,56,13,73,49,103,50,93,25,69,10,0,0,54,0,16,19606,9.883590920821671,1665,1665,171,690,0.10270270270270271,0.4144144144144144
17031222700,818,123,100,87,0,50,8,58,93,89,33,8,61,58,0,39,11,13037,9.47554674766278,3116,3116,670,2190,0.21501925545571246,0.7028241335044929
17031222800,361,97,61,30,72,0,11,0,76,0,0,7,7,0,0,0,0,9758,9.185842740375783,936,936,18,930,0.019230769230769232,0.9935897435897436
17031222900,367,10,20,45,59,0,0,33,0,35,61,40,9,31,11,13,0,13155,9.484557193474393,1627,1627,195,1315,0.11985248924400738,0.8082360172095882
17031230100,632,128,38,9,10,92,13,41,9,43,44,104,64,8,22,7,0,16594,9.716796463224231,1943,1943,489,1319,0.251672671127123,0.678847143592383
17031230200,534,55,15,52,13,58,0,0,48,65,28,80,32,28,46,6,8,18768,9.839908570893257,1615,1615,185,1241,0.11455108359133127,0.7684210526315789
17031230300,279,49,0,10,61,9,10,41,39,0,35,0,16,0,0,9,0,9419,9.150484204822817,1241,1241,0,1221,0,0.983883964544722
17031230400,778,126,31,34,30,145,58,48,22,70,15,60,52,60,27,0,0,13538,9.513255825068553,2585,2585,176,2228,0.06808510638297872,0.8618955512572534
17031230500,1016,212,176,109,105,30,63,39,50,51,34,33,78,0,36,0,0,11032,9.308555419473137,3019,3019,479,2362,0.1586618085458761,0.7823782709506459
17031230600,1948,230,61,153,224,204,173,66,72,57,76,281,137,95,75,30,14,16481,9.70996348123418,6778,6778,1629,5066,0.24033638241369135,0.7474181174387725
17031230700,1794,311,114,140,210,116,98,75,147,131,89,91,115,93,19,45,0,12139,9.404178688897805,6403,6403,1430,5036,0.22333281274402625,0.7865063251600812
17031230800,397,37,0,55,13,25,40,9,48,32,42,0,43,12,28,13,0,12902,9.465137617092187,1751,1751,0,1694,0,0.9674471730439749
17031230900,1807,280,284,66,89,114,179,26,92,95,93,151,213,48,15,53,9,14322,9.569552095566886,5920,5920,1115,3968,0.1883445945945946,0.6702702702702703
17031231100,420,132,0,28,87,25,11,14,11,0,33,48,31,0,0,0,0,11149,9.319105086767571,1230,1230,1002,52,0.8146341463414634,0.04227642276422764
17031231200,2037,504,231,128,155,64,124,124,172,110,29,140,133,68,17,0,38,11598,9.358587948436385,6820,6820,5416,1288,0.7941348973607039,0.18885630498533723
17031231500,1955,377,252,283,330,95,84,104,99,56,90,67,25,37,0,32,24,11932,9.386979145634639,5624,5624,5380,82,0.9566145092460882,0.014580369843527738
17031240200,876,60,155,12,14,28,0,46,48,23,35,25,102,125,40,48,115,55510,10.924318463684207,1661,1661,21,391,0.012642986152919929,0.2354003612281758
17031240300,682,10,25,0,10,0,11,8,43,12,72,83,121,47,44,104,92,85315,11.354105567961366,1221,1221,20,188,0.01638001638001638,0.15397215397215397
17031240500,1107,32,14,0,11,21,52,29,21,28,67,113,101,130,76,242,170,66475,11.104581216111221,2162,2162,139,110,0.06429232192414432,0.05087881591119334
17031240600,533,70,34,0,17,0,0,12,0,10,39,62,89,55,76,20,49,34945,10.461530675911229,1398,1398,80,687,0.05722460658082976,0.49141630901287553
17031240700,549,33,9,42,24,23,44,52,61,34,52,50,27,52,0,8,38,22607,10.02601487181582,1737,1737,63,1163,0.03626943005181347,0.669545192861255
17031240800,697,104,38,45,75,51,90,29,35,37,41,35,10,77,20,10,0,16251,9.69590972432601,1963,1963,266,1236,0.13550687722873153,0.6296484971981661
17031240900,412,45,79,48,0,10,32,9,38,0,29,49,18,0,27,28,0,16890,9.734477009801846,1332,1332,257,752,0.19294294294294295,0.5645645645645646
17031241000,789,259,50,60,49,11,75,18,25,13,48,26,23,24,84,24,0,14436,9.577480365762678,2607,2607,1030,1383,0.39509014192558495,0.5304948216340621
17031241100,1591,148,65,93,118,11,143,57,71,66,268,163,168,58,68,47,47,23311,10.056680631152522,4352,4352,899,2188,0.2065716911764706,0.5027573529411765
17031241200,812,91,78,44,21,27,31,25,0,18,43,82,71,44,151,69,17,35895,10.488353289010583,1847,1847,161,629,0.08716838115863562,0.34055224688684355
17031241300,771,119,25,7,57,14,0,9,27,23,30,33,119,85,53,83,87,43844,10.688393158335614,1817,1817,433,107,0.23830489818381947,0.05888827738029719
17031241400,2320,296,145,55,14,221,37,23,89,69,86,133,314,270,150,141,277,46030,10.737048636811288,4858,4858,457,1075,0.09407163441745574,0.22128447920955124
17031241500,1330,58,58,44,41,86,52,29,12,55,136,40,134,98,108,144,235,51620,10.851664473272605,3189,3189,124,622,0.038883662590153655,0.19504546879899656
17031241600,1686,53,109,92,74,151,55,73,44,70,75,152,232,186,97,140,83,36278,10.498966775917914,4054,4054,124,1050,0.030587074494326592,0.2590034533793784
17031242000,2091,431,193,68,106,34,16,114,57,130,164,146,174,123,147,61,127,34341,10.444095254586585,4414,4414,862,1484,0.19528772088808338,0.33620299048482105
17031242100,1676,109,40,74,66,9,49,54,66,58,177,173,172,109,97,161,262,53040,10.878801624859744,3409,3409,166,812,0.04869463185684952,0.23819301848049282
17031242200,1896,73,32,62,173,88,71,77,161,97,109,229,256,126,59,112,171,44087,10.693920233396923,4097,4097,163,734,0.03978520868928484,0.1791554796192336
17031242300,1875,112,70,10,77,182,79,32,84,124,100,294,275,125,67,98,146,44774,10.709382892787827,3718,3718,122,555,0.0328133405056482,0.14927380311995697
17031242400,1408,82,75,19,31,57,63,23,60,191,41,264,166,80,66,139,51,39581,10.586104484122892,2857,2857,123,253,0.04305215260763038,0.08855442772138607
17031242500,1507,207,42,16,145,118,89,119,68,101,95,98,164,70,93,65,17,20325,9.919606934416011,4468,4468,445,1859,0.09959713518352731,0.4160698299015219
17031242600,2292,490,145,130,130,19,106,126,89,134,101,239,234,82,107,110,50,28083,10.242919690039855,5031,5031,682,1978,0.13555953090836811,0.39316239316239315
17031242700,742,91,44,32,124,11,91,10,68,0,171,21,0,31,12,25,11,18086,9.802893437300426,2157,2157,445,1269,0.20630505331478907,0.588317107093185
17031242800,628,12,13,50,43,63,31,13,38,29,46,47,74,29,42,57,41,32461,10.38779464774131,1621,1621,21,373,0.012954966070326958,0.23010487353485504
17031242900,926,0,9,171,11,93,21,96,45,18,61,93,109,71,10,63,55,37745,10.538608295573725,1907,1907,49,393,0.025694808599895123,0.20608285264813844
17031243000,1091,64,83,11,0,131,44,45,59,22,58,86,174,105,21,87,101,44438,10.701850238240384,2437,2437,40,916,0.016413623307345096,0.3758719737382027
17031243100,846,54,59,36,0,31,35,97,21,18,108,72,122,63,33,53,44,37030,10.519483673907658,1956,1956,93,971,0.04754601226993865,0.49642126789366053
17031243200,827,27,0,28,69,44,11,0,12,34,68,78,135,86,65,112,58,43214,10.673919795805615,1896,1896,13,729,0.006856540084388186,0.38449367088607594
17031243300,1218,113,35,9,69,55,23,47,57,53,80,184,155,108,30,91,109,45020,10.714862114460724,2427,2427,122,700,0.05026782035434693,0.288421920065925
17031243400,1292,100,63,31,53,75,33,66,44,47,109,191,142,173,110,20,35,34164,10.438927737066038,2734,2734,166,852,0.06071689831748354,0.31163130943672274
17031243500,1669,131,26,30,29,17,22,96,22,73,80,203,246,158,137,194,205,61019,11.018940570066889,3080,3080,393,402,0.1275974025974026,0.1305194805194805
17031250200,873,49,65,74,52,22,48,80,47,38,76,75,131,36,43,20,17,17354,9.761578306353435,3105,3105,1736,1273,0.559098228663446,0.4099838969404187
17031250300,1457,208,114,98,32,118,79,111,35,70,183,135,138,123,0,0,13,17208,9.753129670947565,4146,4146,3412,685,0.8229618909792571,0.1652194886637723
17031250400,1997,128,64,106,24,194,146,100,54,68,262,269,224,80,98,156,24,18643,9.833226019495461,7749,7749,5592,1907,0.721641502129307,0.2460962704865144
17031250500,2894,187,92,200,66,96,114,78,143,156,193,182,507,427,195,157,101,29441,10.290143539657238,7960,7960,2301,1911,0.289070351758794,0.2400753768844221
17031250600,1438,227,63,80,137,65,53,71,41,135,105,179,71,67,102,32,10,15831,9.669725322073777,5161,5161,4724,312,0.9153264871149002,0.060453400503778336
17031250700,2194,167,246,107,178,370,112,158,60,62,122,264,190,95,28,35,0,16700,9.723163998404846,6037,6037,5989,112,0.9920490309756501,0.0185522610568163
17031250800,842,99,126,35,70,22,29,71,68,42,23,126,26,71,14,0,20,22029,10.00011504611972,2488,2488,2132,303,0.8569131832797428,0.12178456591639872
17031251000,367,49,43,29,0,85,28,0,32,0,34,34,9,16,8,0,0,13252,9.491903763419787,1138,1138,1120,18,0.984182776801406,0.015817223198594025
17031251100,1677,554,104,72,154,98,129,60,59,48,134,95,83,58,11,18,0,13060,9.477309402830421,4498,4498,4117,289,0.9152956869719876,0.06425077812361049
17031251200,1184,103,61,43,89,96,62,87,49,74,175,137,120,65,9,14,0,14627,9.590624414887088,4280,4280,3935,347,0.919392523364486,0.08107476635514019
17031251300,1764,216,81,163,173,188,140,164,116,53,82,120,194,23,31,0,20,13414,9.504054216659682,5914,5914,5627,306,0.9514710855596888,0.051741630030436254
17031251400,1716,255,246,147,111,104,82,104,0,76,125,136,169,45,38,42,36,19762,9.891516180754907,4189,4189,3848,77,0.9185963237049415,0.018381475292432562
17031251500,1467,192,130,92,131,158,149,89,5,68,135,123,72,71,15,12,25,14867,9.60689927061335,4477,4477,4284,29,0.9568907750725932,0.006477551932097387
17031251600,1142,340,91,26,97,17,26,126,56,115,62,20,79,87,0,0,0,13307,9.496045491543743,3273,3273,3240,0,0.9899175068744271,0
17031251700,473,154,41,72,17,29,0,31,5,16,0,55,18,0,0,16,19,15617,9.656115343487846,1259,1259,1060,108,0.8419380460683081,0.0857823669579031
17031251800,1802,327,161,198,94,175,18,63,189,103,94,173,167,31,9,0,0,12551,9.437555622660446,5635,5635,5493,87,0.9748003549245785,0.015439219165927241
17031251900,1861,381,306,341,133,79,109,111,17,53,156,58,61,11,45,0,0,10674,9.27556615689389,5691,5691,5568,0,0.9783869267264101,0
17031252000,2153,357,343,211,95,87,216,41,193,135,93,169,107,32,47,27,0,16145,9.689365683192376,5269,5269,5039,168,0.9563484532169292,0.03188460808502562
17031260100,784,414,99,94,23,48,51,0,0,0,0,0,32,23,0,0,0,9859,9.196140022575042,1432,1432,1405,42,0.9811452513966481,0.029329608938547486
17031260200,332,31,57,38,33,22,43,27,0,9,38,34,0,0,0,0,0,9602,9.169726689090886,1141,1141,1141,0,1,0
17031260300,621,203,33,63,59,48,39,25,14,0,40,40,52,0,5,0,0,10608,9.269363712425644,2029,2029,1959,105,0.9655002464268112,0.051749630359783146
17031260400,454,142,100,30,7,15,43,0,0,24,79,7,0,7,0,0,0,9582,9.167641617443067,1231,1231,1224,0,0.9943135662063363,0
17031260500,569,205,20,62,25,15,36,97,0,34,9,23,43,0,0,0,0,10607,9.26926943950547,1641,1641,1641,0,1,0
17031260600,810,219,74,89,87,32,32,12,27,35,32,64,53,20,34,0,0,10414,9.250906333722844,2769,2769,2586,12,0.933911159263272,0.004333694474539545
17031260700,649,244,10,37,42,4,32,49,73,31,81,0,18,28,0,0,0,9171,9.123801610558944,2234,2234,2234,0,1,0
17031260800,907,196,24,54,61,83,54,33,8,104,58,90,9,49,49,35,0,15748,9.664468652063627,2901,2901,2604,176,0.8976215098241985,0.06066873491899345
17031260900,461,52,46,93,24,60,10,0,24,29,56,0,55,12,0,0,0,10387,9.248310303227811,1687,1687,1662,12,0.9851807943094251,0.007113218731475993
17031261000,751,121,71,19,30,90,73,32,20,10,77,132,71,0,5,0,0,14177,9.559376212117632,2199,2199,2155,0,0.9799909049567985,0
17031270500,743,218,87,30,61,18,44,34,10,20,85,0,88,23,25,0,0,13769,9.530174967444372,2085,2085,1850,58,0.8872901678657075,0.027817745803357313
17031010100,2181,477,204,220,33,131,90,121,88,101,179,128,205,82,39,51,32,20677,9.93677725040077,4835,4835,2661,650,0.5503619441571872,0.1344364012409514
17031010300,2975,307,228,152,300,159,203,129,187,46,349,413,261,84,76,0,81,23799,10.077398841970112,6571,6571,1665,1620,0.25338609039719984,0.24653781768376198
17031010400,2072,422,78,162,31,169,77,94,85,14,218,315,158,43,38,137,31,23972,10.084641761578077,4997,4997,853,922,0.17070242145287173,0.1845107064238543
17031010600,2917,256,155,69,192,192,111,85,177,73,186,670,270,131,204,90,56,26678,10.19159453470099,7075,7075,1884,1932,0.2662897526501767,0.27307420494699647
17031020100,1407,123,98,43,75,117,79,58,53,52,146,190,127,86,119,41,0,23642,10.070780070310322,3736,3736,1245,647,0.3332441113490364,0.17317987152034262
17031020200,2127,75,58,84,93,48,129,0,56,116,188,298,352,154,198,199,79,26450,10.183011437286446,6850,6850,1015,358,0.14817518248175182,0.052262773722627734
17031020400,1728,132,37,96,148,56,123,56,87,98,146,237,129,181,62,100,40,27038,10.20499856292435,4214,4214,487,485,0.11556715709539629,0.11509254864736593
17031020500,1874,204,190,158,156,129,143,149,146,77,172,43,162,80,39,26,0,15063,9.619996684702816,5409,5409,1109,1318,0.20502865594379738,0.24366796080606395
17031030200,2715,176,96,77,49,102,287,41,77,176,243,271,514,138,145,201,122,36949,10.517293862410662,5798,5798,406,498,0.07002414625733011,0.08589168678854778
17031030300,1302,214,121,98,75,82,116,15,96,42,16,126,137,88,21,27,28,23749,10.075295703313177,2834,2834,292,1078,0.10303458009880029,0.3803810868031052
17031030400,1367,91,176,126,63,76,19,39,45,51,121,126,148,140,42,52,52,33547,10.420702719623787,2687,2687,271,572,0.10085597320431708,0.2128768142910309
17031030500,2983,239,135,174,205,99,72,126,214,116,236,340,323,268,129,156,151,34538,10.449815446144616,6604,6604,717,1645,0.10857056329497275,0.24909145972138097
17031030800,2172,100,52,57,44,133,62,55,15,117,196,228,328,164,96,216,309,59470,10.993227262700639,4481,4481,18,412,0.004016960499888418,0.09194376255300156
17031030900,1462,72,15,39,63,59,119,81,118,56,75,223,228,93,122,50,49,32366,10.38486376807683,3354,3354,215,591,0.0641025641025641,0.17620751341681573
17031031000,1867,142,33,69,59,79,200,69,169,64,238,172,210,124,44,118,77,27407,10.218553734200675,4847,4847,182,2238,0.03754899938106045,0.4617289044769961
17031031100,2123,167,126,144,156,102,80,70,47,137,198,228,323,144,41,40,120,33875,10.430432558182002,4153,4153,177,773,0.04261979292078016,0.18613050806645798
17031031200,3040,984,323,296,315,167,104,67,26,110,27,126,219,56,97,76,47,17550,9.772809228894012,6572,6572,2372,679,0.36092513694461353,0.10331710286062082
17031031300,3652,592,239,371,155,338,235,59,243,103,266,321,92,390,68,123,57,27991,10.239638308916676,6940,6940,1530,463,0.22046109510086456,0.06671469740634006
17031031400,3757,220,149,187,96,120,101,156,136,127,461,305,497,345,201,385,271,61571,11.027946259449502,5542,5542,396,427,0.07145434861060988,0.07704799711295561
17031031700,3767,596,252,388,164,120,0,236,180,158,224,314,350,205,235,188,157,34317,10.443396137193783,7211,7211,1337,1216,0.18541117736791013,0.16863125780058244
17031031800,1078,85,118,47,11,66,0,11,57,41,34,136,163,111,17,81,100,45515,10.72579722093939,2016,2016,103,280,0.05109126984126984,0.1388888888888889
17031031900,1353,140,77,24,0,61,38,118,47,50,158,62,241,102,65,20,150,46758,10.752740643071617,2620,2620,262,525,0.1,0.20038167938931298
17031032100,4281,618,300,314,267,90,238,214,224,123,217,353,586,286,191,181,79,36480,10.504519444188269,7116,7116,961,997,0.1350477796514896,0.14010680157391794
17031040100,1809,81,59,38,60,67,101,118,71,29,155,127,227,315,166,122,73,36761,10.51219277958166,4569,4569,275,798,0.06018822499452834,0.17465528562048588
17031040300,1126,9,45,44,78,91,117,84,68,51,53,95,89,106,68,72,56,27671,10.228140212351999,3048,3048,280,337,0.09186351706036745,0.11056430446194225
17031040600,1300,45,39,41,153,43,40,33,51,33,172,104,182,95,107,68,94,38626,10.561680903832544,2694,2694,77,794,0.02858203414996288,0.2947290274684484
17031040700,1682,190,35,153,87,79,103,48,81,0,156,101,263,145,89,101,51,35178,10.46817616619227,3379,3379,133,422,0.03936075762059781,0.12488902042024268
17031040800,741,23,10,15,43,34,90,28,18,57,38,105,122,67,50,32,9,31967,10.37245939967773,1664,1664,105,346,0.06310096153846154,0.20793269230769232
17031040900,1086,100,18,99,40,31,50,93,30,104,37,154,90,64,54,35,87,42789,10.664036339191531,1928,1928,20,333,0.01037344398340249,0.17271784232365145
17031050100,1183,49,7,62,73,37,141,63,38,62,71,74,199,84,49,35,139,47050,10.758966145013526,2396,2396,40,104,0.01669449081803005,0.04340567612687813
17031050200,2323,159,66,95,135,221,60,60,91,61,152,242,328,109,167,137,240,43100,10.671278276091838,4968,4968,54,1330,0.010869565217391304,0.2677133655394525
17031050300,1146,0,56,0,22,30,65,25,27,32,186,101,159,91,157,117,78,46008,10.73657057339359,2571,2571,15,269,0.005834305717619603,0.10462854920264489
17031050500,2384,73,48,48,82,32,102,30,133,148,139,205,351,273,146,250,324,48537,10.790081672673447,5473,5473,0,289,0,0.052804677507765393
17031050600,965,25,18,17,0,44,6,37,58,30,85,66,79,238,54,124,84,50640,10.832497056818058,2090,2090,9,72,0.00430622009569378,0.03444976076555024
17031050700,822,10,19,7,34,0,17,18,7,21,78,108,130,57,91,127,98,53272,10.883166143790458,2033,2033,95,234,0.04672897196261682,0.11510083620265617
17031050800,517,5,66,21,7,0,0,16,5,20,44,38,60,53,19,59,104,69730,11.152385920215057,1362,1362,0,302,0,0.22173274596182085
17031050900,725,42,28,19,26,0,24,23,55,5,47,63,103,97,12,90,91,64427,11.073288078888153,1421,1421,48,133,0.03377902885292048,0.09359605911330049
17031051000,624,16,16,14,24,0,33,11,11,31,80,24,171,76,37,9,71,52899,10.876139714076032,1350,1350,0,397,0,0.2940740740740741
17031051100,703,10,0,36,0,26,18,25,19,54,22,88,90,61,38,76,140,51828,10.855685822748702,1594,1594,70,120,0.043914680050188205,0.07528230865746549
17031051200,837,26,9,0,0,35,76,88,17,23,64,87,65,32,83,103,129,58208,10.971778081317849,2077,2077,31,239,0.014925373134328358,0.1150698122291767
17031051300,1246,9,19,19,9,11,11,48,20,41,41,113,121,87,191,213,293,69219,11.145030670393274,2815,2815,0,168,0,0.05968028419182948
17031051400,950,77,41,20,8,28,36,0,69,45,64,106,110,40,82,66,158,51477,10.84889038495373,2267,2267,418,336,0.18438464931627702,0.1482134980149978
17031060100,1386,0,29,10,10,11,59,25,29,29,225,149,237,160,107,98,208,56757,10.946534275754528,3062,3062,125,431,0.04082299150881777,0.14075767472240366
17031060200,1122,72,13,60,67,37,35,39,99,51,94,106,194,107,56,55,37,42235,10.651004540161598,2069,2069,43,578,0.020782986950217495,0.27936201063315613
17031060300,1389,25,0,23,15,13,19,49,22,32,131,134,147,243,160,66,310,60676,11.013303511711563,3257,3257,0,166,0,0.050967147681915875
17031060400,1474,44,14,8,19,29,50,49,18,16,92,70,257,250,47,195,316,60723,11.014077817963646,3803,3803,12,335,0.003155403628714173,0.088088351301604
17031060500,767,156,132,45,30,15,0,0,0,6,43,0,102,47,67,33,91,69700,11.151955596748616,1252,1252,7,48,0.005591054313099041,0.038338658146964855
17031060800,3434,248,97,32,175,272,50,298,200,75,225,592,583,334,104,56,93,47128,10.760622583201524,5106,5106,262,556,0.05131218174696436,0.10889150019584802
17031060900,4874,391,132,268,225,185,277,239,319,260,560,472,505,364,184,276,217,52704,10.872446632977367,6584,6584,692,640,0.10510328068043742,0.09720534629404617
17031061000,938,14,9,36,15,30,43,55,69,24,132,32,116,80,16,47,220,76695,11.24759179618221,1667,1667,24,228,0.014397120575884824,0.1367726454709058
17031061100,615,8,11,8,17,63,27,12,12,0,41,63,180,78,11,38,46,42084,10.647422899928179,1356,1356,0,21,0,0.015486725663716814
17031061200,925,16,0,12,28,18,17,19,48,10,28,155,166,94,64,99,151,68033,11.127748160558784,2024,2024,12,81,0.005928853754940711,0.0400197628458498
17031061500,903,0,0,29,28,47,16,35,11,8,75,113,172,94,70,108,97,60525,11.01081178180626,2032,2032,34,151,0.01673228346456693,0.07431102362204725
17031061800,693,54,6,39,97,25,23,68,47,26,52,86,53,57,16,44,0,44787,10.709673197721699,855,855,25,58,0.029239766081871343,0.06783625730994151
17031062000,1518,64,30,71,10,51,88,42,41,134,56,108,287,223,110,78,125,59001,10.985309671896763,2566,2566,94,253,0.036632891660171474,0.09859703819173811
17031062100,1767,156,85,98,111,53,51,58,64,11,103,161,271,123,22,190,210,49460,10.808919541075408,3332,3332,14,276,0.004201680672268907,0.08283313325330131
17031062200,1491,48,0,17,25,27,38,45,24,0,134,134,141,258,127,268,205,71127,11.172222290541194,2987,2987,85,220,0.02845664546367593,0.07365249414127888
17031062300,797,10,0,15,0,0,26,0,30,12,44,143,116,85,93,71,152,73134,11.200048653883892,1749,1749,20,64,0.011435105774728416,0.03659233847913093
17031062400,730,29,31,0,25,0,11,0,0,41,16,113,101,62,59,54,188,80235,11.29271510763346,1769,1769,12,169,0.006783493499152063,0.09553420011305823
17031062500,711,30,0,0,13,26,11,25,34,39,37,103,61,92,70,34,136,54927,10.913760309880715,1728,1728,73,98,0.04224537037037037,0.056712962962962965
17031062600,972,23,26,0,11,46,37,21,48,89,63,96,116,35,22,109,230,70515,11.163580732126341,2131,2131,8,80,0.003754106053496011,0.03754106053496011
17031062700,1263,92,63,42,19,88,9,10,28,17,96,65,111,76,97,161,289,66498,11.104927151003707,2705,2705,0,173,0,0.06395563770794824
17031062800,1600,105,27,21,33,12,55,63,0,17,164,172,119,144,179,88,401,72340,11.18913250550609,3514,3514,182,307,0.05179282868525897,0.0873648264086511
17031062900,2041,75,42,49,0,56,19,0,61,89,126,175,234,225,268,249,373,70723,11.166526117226267,4114,4114,0,321,0,0.07802625182304326
17031063000,1979,153,95,56,52,107,70,59,49,178,75,118,196,193,144,156,278,64722,11.077856453603484,3963,3963,244,62,0.06156951804188746,0.01564471360080747
17031063100,1492,125,30,145,48,34,0,33,90,155,130,159,139,182,91,35,96,49238,10.80442096208924,2330,2330,152,132,0.06523605150214593,0.05665236051502146
17031063200,4178,309,145,212,130,112,166,344,274,150,367,347,579,262,235,253,293,51464,10.848637813090836,6587,6587,402,565,0.06102930013663276,0.08577501138606346
17031063400,1213,133,30,21,14,62,73,44,36,88,43,53,135,129,52,91,209,76245,11.241707118549112,2049,2049,111,105,0.05417276720351391,0.05124450951683748
17031070200,2203,155,85,20,103,54,121,94,38,10,187,286,261,158,245,160,226,55979,10.932731899387203,3989,3989,150,25,0.0376034093757834,0.006267234895963901
17031070300,1542,134,21,58,25,19,17,28,8,8,110,233,148,257,151,112,213,58941,10.984292222554274,3458,3458,76,290,0.02197802197802198,0.08386350491613649
17031070400,1670,164,71,57,82,28,10,54,15,71,39,81,129,95,123,206,445,80729,11.298853145343433,3435,3435,291,202,0.08471615720524017,0.05880640465793304
17031070500,1241,79,17,39,15,38,49,7,78,0,35,75,170,64,46,136,393,67437,11.11894910770053,3382,3382,127,90,0.037551744529863984,0.026611472501478415
17031070600,1294,11,55,13,8,0,43,11,13,14,86,90,140,152,34,132,492,99788,11.510803214589128,3053,3053,7,165,0.0022928267278087126,0.05404520144120537
17031070700,1293,215,0,62,20,24,33,83,39,33,37,72,61,123,131,162,198,59851,10.999613419284296,2677,2677,420,186,0.15689204333208817,0.06948076204706762
17031071000,1175,87,25,8,0,9,20,32,21,14,20,70,141,162,130,89,347,34201,10.440010162389305,6318,6318,145,572,0.022950300728078507,0.09053497942386832
17031071100,1222,157,7,23,6,25,42,9,38,30,85,231,31,56,55,130,297,72979,11.197927007512344,3024,3024,56,133,0.018518518518518517,0.04398148148148148
17031071200,1110,67,69,23,13,13,17,23,0,45,42,213,195,65,103,49,173,87198,11.375936673854225,2130,2130,166,27,0.07793427230046948,0.01267605633802817
17031071300,2208,226,102,94,49,17,13,30,58,33,211,130,198,322,123,103,499,85397,11.35506625035401,3964,3964,91,32,0.022956609485368314,0.008072653884964682
17031071400,2993,161,116,78,28,49,120,156,169,243,199,205,310,359,108,285,407,73112,11.199747790952038,5128,5128,194,398,0.03783151326053042,0.07761310452418096
17031071500,3737,210,63,164,49,99,140,69,72,129,351,442,516,370,213,356,494,84353,11.342765653435313,5408,5408,553,125,0.10225591715976332,0.023113905325443787
17031071600,868,54,50,16,0,0,45,0,0,0,25,32,71,82,72,81,340,77120,11.253117929284427,2160,2160,74,114,0.03425925925925926,0.05277777777777778
17031071700,849,28,0,0,0,0,38,7,0,62,59,62,66,98,60,109,260,87266,11.376716204341243,1853,1853,217,125,0.11710739341608203,0.06745817593092283
17031071800,1293,65,75,22,41,6,101,24,19,13,48,12,145,135,130,143,314,82471,11.320201995375324,3134,3134,478,48,0.1525207402680281,0.015315890236119975
17031080100,4170,343,86,55,55,92,154,151,154,178,238,429,503,254,183,326,969,122584,11.716551788258013,6181,6181,116,73,0.018767189775117293,0.011810386668823815
17031080300,2879,225,96,54,65,25,35,27,41,114,178,315,483,212,204,297,508,89830,11.405674274223252,4639,4639,294,337,0.06337572752748437,0.07264496658762665
17031080400,2051,444,424,56,41,73,82,40,34,14,92,151,157,75,166,60,142,27105,10.207473491694438,4981,4981,3144,333,0.631198554507127,0.06685404537241518
17031081000,4433,929,353,115,199,214,273,237,132,155,323,256,381,318,146,192,210,38221,10.551140381763863,7742,7742,922,355,0.1190906742443813,0.0458537845517954
17031081100,2680,589,45,184,35,13,34,206,145,85,229,274,274,84,109,155,219,67532,11.120356838597084,3453,3453,558,144,0.16159860990443092,0.04170286707211121
17031081300,3654,238,195,53,45,138,136,134,27,91,172,485,302,320,132,241,945,118644,11.683882691685133,5390,5390,144,134,0.02671614100185529,0.024860853432282004
17031081500,2825,203,40,102,57,27,28,119,41,128,244,159,505,257,152,129,634,116558,11.666144282176921,4017,4017,147,231,0.03659447348767737,0.05750560119492158
17031081600,2462,231,8,35,31,57,55,34,59,44,77,385,455,401,115,154,321,81346,11.30646694118629,3779,3779,173,313,0.04577930669489283,0.08282614448266737
17031081700,1683,135,46,41,85,20,25,65,104,37,73,123,188,204,192,188,157,79457,11.282971273810652,2613,2613,420,166,0.16073478760045926,0.06352851128970533
17031081800,3576,136,28,30,25,11,31,59,22,136,130,436,546,435,307,495,749,101036,11.523232167958868,5531,5531,153,192,0.027662267221117337,0.0347134333755198
17031081900,516,86,41,35,34,0,42,22,23,0,0,22,76,35,31,5,64,41962,10.644519725816647,1444,1444,975,63,0.675207756232687,0.04362880886426593
17031090100,1406,42,49,57,35,68,24,34,31,9,105,152,274,128,136,201,61,36832,10.514122311521609,3623,3623,0,196,0,0.05409881313828319
17031090200,2978,73,112,83,173,97,70,10,233,111,328,133,616,336,217,184,202,40055,10.598008788649217,6452,6452,0,207,0,0.03208307501549907
17031090300,608,8,0,8,10,8,7,35,10,32,42,55,110,72,60,118,33,45528,10.72608280028296,1640,1640,0,35,0,0.021341463414634148
17031100100,2426,94,90,53,89,171,114,80,147,96,273,400,290,168,246,49,66,28514,10.258150473713906,6291,6291,125,980,0.01986965506278811,0.15577809569225878
17031100200,3103,179,111,89,202,212,97,194,149,127,239,410,288,281,159,299,67,29370,10.287729024192666,7908,7908,108,1530,0.013657056145675266,0.19347496206373294
17031100300,2636,122,121,211,118,98,10,90,76,68,233,282,400,291,157,199,160,35893,10.48829756939169,6990,6990,12,591,0.0017167381974248926,0.08454935622317597
17031100400,1309,79,36,52,10,49,45,104,13,31,68,109,236,160,72,189,56,35108,10.466184303712009,3275,3275,0,263,0,0.08030534351145038
17031100500,2404,14,75,120,142,68,194,40,57,46,140,194,540,290,227,215,42,29897,10.30551341989678,6810,6810,0,1044,0,0.15330396475770924
17031100600,1978,75,104,153,58,97,112,30,98,80,113,347,223,282,69,87,50,30390,10.321868885910838,4936,4936,0,581,0,0.1177066450567261
17031100700,1955,39,102,49,23,159,53,124,66,59,103,366,333,226,122,84,47,31211,10.348525875764018,4887,4887,0,558,0,0.1141804788213628
17031110100,2048,156,25,0,117,72,115,15,125,106,306,242,268,304,112,27,58,27840,10.234229114448356,5621,5621,18,866,0.0032022771748799147,0.15406511296922257
17031110200,1177,68,50,101,64,84,22,19,63,17,173,100,167,146,66,27,10,25486,10.145884560772224,2993,2993,0,445,0,0.14868025392582693
17031110300,2048,25,139,67,129,143,91,80,38,101,126,259,387,214,154,64,31,27899,10.236346124873199,5431,5431,91,918,0.016755661940710733,0.16902964463266434
17031110400,1978,142,86,133,173,58,82,101,181,21,167,112,222,140,176,143,41,26755,10.194476650745406,5035,5035,31,1222,0.006156901688182721,0.24270109235352533
17031120100,1664,21,34,68,21,44,57,105,57,55,40,83,316,191,159,191,222,41610,10.636095801976987,4821,4821,115,512,0.023853972204936735,0.10620203277328355
17031120200,1749,42,46,15,65,58,8,21,20,40,182,219,220,173,233,201,206,43346,10.676969705748347,4762,4762,36,371,0.007559848803023939,0.07790844183116338
17031120300,2446,73,111,54,30,118,21,38,54,92,71,223,300,272,261,327,401,49179,10.803221982094566,6603,6603,164,628,0.02483719521429653,0.09510828411328184
17031120400,1371,119,34,73,26,91,51,102,27,82,82,174,214,112,61,88,35,25597,10.150230436100662,3847,3847,37,1023,0.009617884065505589,0.2659214972706005
17031130100,1851,142,276,185,59,67,114,23,24,18,214,93,210,126,103,118,79,27039,10.205035547224519,5049,5049,300,293,0.059417706476530004,0.058031293325410974
17031130200,728,26,16,46,53,40,35,0,55,9,38,80,166,57,18,16,73,39922,10.594682829370829,1673,1673,105,358,0.06276150627615062,0.21398684997011358
17031130300,1824,102,54,87,101,89,47,98,49,223,172,76,219,267,132,59,49,25393,10.142228824473392,5278,5278,200,998,0.037893141341417205,0.18908677529367185
17031140100,1033,100,94,141,109,32,49,92,64,10,28,118,89,48,27,20,12,14641,9.591581091193483,3473,3473,251,1847,0.0722718111143104,0.5318168730204434
17031140200,1709,201,190,120,149,73,58,43,62,73,183,114,145,149,54,68,27,17194,9.752315764734389,6051,6051,413,3413,0.06825318129234838,0.5640390018178814
17031140400,2350,59,272,91,159,173,85,129,174,242,112,215,268,83,127,84,77,21024,9.953419921284338,7092,7092,59,1926,0.008319232938522278,0.2715736040609137
17031140500,1363,169,52,169,10,75,61,27,127,93,106,156,193,94,20,11,0,18800,9.84161214881804,3851,3851,164,1970,0.042586341210075304,0.5115554401454168
17031140800,2745,58,139,253,197,155,136,150,24,104,328,178,390,212,93,160,168,28727,10.265592726054727,7364,7364,142,3099,0.019282998370450843,0.4208310700706138
17031150200,3190,315,108,230,173,213,191,213,125,84,173,489,351,198,144,128,55,24789,10.118155285369294,8118,8118,649,2357,0.07994579945799458,0.29034244887903427
17031150300,2822,200,152,171,122,227,93,88,221,121,246,355,229,204,129,176,88,30411,10.322559664050509,6372,6372,15,1108,0.0023540489642184556,0.1738857501569366
17031150600,1376,41,106,64,167,124,44,81,45,22,67,109,252,156,58,9,31,24305,10.098437369479555,3729,3729,26,1043,0.006972378653794583,0.27969965138106734
17031150700,1549,69,37,43,103,44,156,139,102,29,120,267,173,157,31,22,57,23550,10.066881099444563,4701,4701,192,1677,0.0408423739629866,0.3567326100829611
17031150800,1908,96,104,55,147,133,72,133,10,94,214,227,304,126,82,86,25,22292,10.011983148689428,5786,5786,0,2892,0,0.49982716902868995
17031151100,1592,137,144,39,135,94,152,112,0,104,160,104,200,84,50,66,11,19221,9.863758710307131,4654,4654,70,2190,0.015040825096691019,0.4705629565964761
17031151200,1285,102,40,30,62,98,45,43,108,21,186,86,266,86,56,30,26,24924,10.123586473664112,3561,3561,0,904,0,0.2538612749227745
17031160100,1066,72,46,107,0,132,85,42,7,30,168,48,116,37,81,54,41,27208,10.211266326687031,2641,2641,11,863,0.0041650889814464215,0.32677016281711474
17031160200,1485,88,88,27,25,54,49,78,47,75,173,205,199,166,65,60,86,34061,10.43590831373871,3828,3828,101,790,0.02638453500522466,0.20637408568443052
17031160300,1841,55,113,147,90,126,140,195,86,74,165,226,268,88,16,15,37,23770,10.07617956035424,4471,4471,336,1254,0.0751509729367032,0.280474166853053
17031160400,2054,127,219,43,40,98,97,46,155,50,208,472,125,151,83,84,56,24498,10.10634676054763,5548,5548,666,2496,0.12004325883201153,0.44989185291997114
17031160700,2134,53,76,90,131,84,29,91,85,52,302,199,431,158,84,154,115,28060,10.242100353656452,6438,6438,254,2992,0.03945324634979808,0.46474060267163714
17031160800,1868,98,54,108,97,108,167,69,224,64,111,298,273,81,86,30,0,20662,9.936051543409391,5477,5477,86,2986,0.015702026656928977,0.5451889720649991
17031160900,1079,20,24,12,25,39,49,30,81,74,121,124,158,110,69,81,62,36010,10.49155195664292,2848,2848,47,739,0.016502808988764044,0.2594803370786517
17031161000,744,54,38,11,12,27,12,11,44,43,155,104,56,11,59,33,74,36139,10.495127893591839,1800,1800,0,355,0,0.19722222222222222
17031161100,792,69,27,10,63,8,6,9,32,46,52,33,97,48,110,89,93,47730,10.773315409999942,2037,2037,57,128,0.027982326951399118,0.06283750613647521
17031161200,1005,54,22,35,48,0,14,13,38,176,126,178,101,126,62,12,0,24649,10.112491610696615,2821,2821,24,1671,0.008507621410847217,0.5923431407302375
17031161300,1561,98,80,83,106,118,189,73,53,45,193,127,129,104,91,36,36,21342,9.96843224117651,4497,4497,135,2599,0.030020013342228154,0.5779408494551923
17031170100,1102,37,98,196,74,86,72,24,61,57,26,76,61,148,25,49,12,26195,10.17332383184232,2392,2392,218,570,0.09113712374581939,0.2382943143812709
17031170200,1211,11,103,48,52,35,55,75,53,52,169,101,218,112,44,6,77,27855,10.234767762454917,3531,3531,7,874,0.0019824412347776836,0.2475219484565279
17031170300,1973,141,98,37,50,93,81,27,115,88,294,145,248,253,151,79,73,27577,10.224737370956664,5736,5736,45,1130,0.007845188284518828,0.19700139470013947
17031170400,1503,114,30,130,80,22,0,20,64,16,149,196,491,115,12,31,33,26174,10.172521830615427,4071,4071,45,502,0.01105379513633014,0.12331122574306068
17031170500,2123,15,60,87,140,51,135,48,134,48,128,292,463,191,202,33,96,32625,10.392834144624995,5156,5156,0,962,0,0.18657874321179208
17031170600,1049,37,51,64,125,61,33,0,28,57,75,64,175,163,28,32,56,29671,10.297925416795092,2680,2680,0,304,0,0.11343283582089553
17031170700,1147,72,22,26,28,56,19,45,8,77,28,138,259,189,98,59,23,26962,10.20218374625101,3654,3654,41,550,0.011220580186097428,0.150519978106185
17031170800,1416,73,10,85,105,53,47,53,69,99,108,94,370,154,45,22,29,25234,10.135947570487687,4021,4021,35,539,0.00870430241233524,0.13404625714996268
17031170900,646,0,10,63,61,28,54,29,0,10,157,58,106,40,0,0,30,24439,10.103935495918149,1759,1759,214,197,0.12166003411028994,0.11199545196134167
17031171000,2705,187,174,139,65,153,144,91,91,237,186,361,312,108,198,197,62,26040,10.167389096322506,7163,7163,0,1843,0,0.2572944297082228
17031171100,1399,143,0,55,71,38,51,77,41,92,173,200,197,55,135,64,7,21496,9.975622150295328,4501,4501,71,1721,0.015774272383914687,0.38235947567207285
17031180100,2178,155,19,137,37,44,117,109,41,112,236,299,328,220,194,130,0,23923,10.082595618260582,6745,6745,164,2805,0.024314306893995552,0.4158636026686434
17031190100,796,124,87,40,63,51,77,32,33,64,46,90,26,44,12,7,0,14378,9.573454539543818,2433,2433,87,1849,0.035758323057953144,0.759967118783395
17031190200,1630,125,63,78,137,59,185,113,100,116,124,127,218,120,54,11,0,14385,9.573941275985648,6320,6320,131,4558,0.020727848101265822,0.7212025316455696
17031190300,1989,110,154,257,77,166,75,173,57,32,183,285,112,145,105,48,10,20420,9.924270091718656,5441,5441,93,3042,0.017092446241499724,0.55908840286712
17031807600,2090,59,21,66,43,89,49,55,54,74,232,278,433,280,209,122,26,25570,10.149175068285233,6854,6854,539,537,0.07864021009629414,0.07834840968777357
17031807800,889,0,7,58,23,59,10,93,59,22,38,157,110,69,124,46,14,27595,10.225389875873601,2714,2714,8,64,0.0029476787030213707,0.023581429624170966
17031807900,1282,9,16,50,23,21,31,43,54,22,151,41,88,204,100,198,231,49910,10.817976662463655,3683,3683,0,102,0,0.027694814010317675
17031808001,1184,16,10,19,94,31,30,25,89,84,88,125,121,169,72,61,150,39197,10.576355492237692,3412,3412,0,254,0,0.07444314185228605
17031808002,1592,84,41,103,56,44,64,40,36,84,125,156,240,189,54,168,108,30312,10.319298952698437,4687,4687,233,204,0.04971196927672285,0.04352464262854704
17031808100,1478,64,122,83,147,73,114,79,96,33,144,103,99,126,67,68,60,30195,10.315431626742,3384,3384,12,179,0.0035460992907801418,0.05289598108747045
17031810000,2657,98,133,44,84,115,97,97,70,79,398,208,318,227,208,150,331,53809,10.893196018404446,4813,4813,215,377,0.04467068356534386,0.07832952420527738
17031810200,2522,110,112,100,225,175,82,62,174,96,204,249,351,286,152,103,41,29103,10.278596540629394,5898,5898,2468,424,0.41844693116310616,0.07188877585622244
17031810301,1519,51,40,30,22,71,82,72,79,72,99,137,268,262,95,93,46,30877,10.337766849160253,4112,4112,1945,263,0.47300583657587547,0.06395914396887159
17031810400,1837,25,49,60,64,68,68,80,29,101,230,201,206,109,269,100,178,40302,10.60415637449492,5102,5102,28,488,0.005488043904351235,0.09564876519012153
17031810501,1945,67,44,136,178,128,85,94,93,34,256,231,245,119,29,156,50,25558,10.148705658168648,5198,5198,17,355,0.0032704886494805694,0.06829549826856483
17031810502,1983,73,90,132,158,125,113,73,63,121,267,253,193,155,33,92,42,24582,10.109769746774926,5300,5300,21,447,0.003962264150943396,0.08433962264150943
17031810600,1696,102,55,83,93,22,68,56,116,66,198,177,312,195,36,58,59,32715,10.395588967303839,4207,4207,141,644,0.03351556928927977,0.15307820299500832
17031810701,1734,118,166,77,89,119,141,86,89,90,223,102,187,170,68,9,0,19244,9.864954602819344,4930,4930,87,952,0.01764705882352941,0.19310344827586207
17031810702,1541,101,232,61,68,31,115,108,116,28,116,95,216,152,58,34,10,22529,10.022558647177142,4165,4165,106,566,0.025450180072028813,0.13589435774309724
17031810800,1633,44,47,115,48,84,40,49,116,39,165,188,295,189,111,64,39,26061,10.16819522292803,4961,4961,0,791,0,0.159443660552308
17031810900,2403,247,38,155,130,84,249,133,134,90,180,303,318,170,26,128,18,25028,10.127750477118255,5754,5754,123,1431,0.02137643378519291,0.24869655891553702
17031811100,2581,159,136,169,164,265,73,241,164,131,428,218,253,130,14,36,0,20750,9.940301525658844,6176,6176,38,1027,0.006152849740932643,0.16628886010362695
17031811500,1839,27,48,100,85,129,59,118,73,95,175,284,338,133,120,39,16,22030,10.000160439796389,5725,5725,0,2131,0,0.37222707423580786
17031811900,1707,10,0,31,50,92,18,24,19,45,58,191,111,216,133,209,500,56987,10.95057845062929,5760,5760,438,289,0.07604166666666666,0.05017361111111111
17031812100,1654,24,35,23,111,61,29,18,84,27,135,193,158,192,211,219,134,34217,10.440477875572727,5053,5053,1763,385,0.34890164258856127,0.076192360973679
17031812200,1363,47,12,0,17,0,57,54,13,26,46,122,137,114,85,279,354,64218,11.07003882421243,3765,3765,455,174,0.12084993359893759,0.046215139442231074
17031812500,1681,208,36,49,63,72,62,82,96,19,124,174,90,149,136,121,200,42033,10.646210303039341,4168,4168,1383,184,0.33181381957773515,0.044145873320537425
17031812600,1728,184,71,56,31,44,96,87,106,41,157,192,199,126,108,124,106,37187,10.523714516819444,3648,3648,1239,209,0.33963815789473684,0.057291666666666664
17031813000,1488,41,37,29,58,14,9,19,54,66,92,197,230,224,187,130,101,36304,10.499683207019624,4162,4162,1199,179,0.2880826525708794,0.043008169149447384
17031813100,2004,64,37,11,308,86,61,129,110,69,108,121,338,214,135,175,38,33150,10.408797995614009,4716,4716,1314,261,0.2786259541984733,0.05534351145038168
17031813400,1928,177,70,75,27,86,176,104,153,132,115,294,284,170,25,40,0,13903,9.539859923169542,8149,8149,725,6620,0.08896797153024912,0.8123696159037919
17031813500,1829,182,96,189,79,60,125,102,94,142,78,177,287,108,79,15,16,13369,9.500693872983122,7675,7675,317,6560,0.041302931596091205,0.8547231270358306
17031814200,1911,106,97,162,107,165,133,105,202,120,147,168,238,125,24,12,0,13735,9.527702598529375,7254,7254,236,6414,0.03253377446925834,0.8842018196856907
17031271200,455,137,24,66,0,47,13,43,0,0,30,43,10,0,23,19,0,11819,9.377463685012241,1596,1596,1576,10,0.9874686716791979,0.006265664160401002
17031271300,396,134,0,76,13,0,31,14,12,34,70,0,12,0,0,0,0,8624,9.06230429314878,1309,1309,1278,14,0.9763177998472116,0.0106951871657754
17031271400,483,123,12,25,92,50,7,44,0,0,0,33,64,16,17,0,0,15456,9.6457525564523,1275,1275,1194,24,0.9364705882352942,0.018823529411764704
17031271500,495,68,16,20,17,63,8,56,32,15,56,21,84,0,0,8,31,24168,10.092784723066508,1201,1201,1179,0,0.9816819317235637,0
17031271800,159,0,0,38,14,0,32,0,0,17,36,11,11,0,0,0,0,11456,9.346268889200427,569,569,569,0,1,0
17031280100,2093,45,13,58,31,38,59,8,9,106,195,227,302,268,170,222,342,86687,11.370059209196285,3075,3075,47,170,0.015284552845528456,0.055284552845528454
17031280400,320,67,11,0,22,0,0,12,0,11,56,28,28,49,36,0,0,24087,10.089427554852794,826,826,671,11,0.8123486682808717,0.013317191283292978
17031280800,264,36,45,36,85,0,0,16,0,0,15,8,23,0,0,0,0,12143,9.404508151053818,631,631,539,42,0.8541996830427893,0.06656101426307448
17031280900,384,217,52,8,21,12,0,0,0,0,0,42,0,32,0,0,0,8947,9.099073559547596,1124,1124,1075,0,0.9564056939501779,0
17031281900,2720,268,170,93,17,125,30,25,77,28,254,353,452,293,234,137,164,68099,11.128717807741976,3873,3873,707,125,0.1825458301058611,0.032274722437387035
17031282700,1010,227,47,70,32,32,7,94,49,0,106,135,65,114,16,16,0,20291,9.917932716967623,2460,2460,1261,749,0.5126016260162601,0.30447154471544713
17031282800,724,77,0,0,0,22,35,111,23,63,57,149,108,56,16,0,7,23982,10.08505882793938,1818,1818,324,318,0.1782178217821782,0.17491749174917492
17031283100,1247,311,95,77,22,78,9,45,85,38,148,106,126,24,42,21,20,24734,10.115934094302002,2388,2388,915,182,0.38316582914572866,0.076214405360134
17031283200,545,78,7,42,14,14,14,0,17,15,50,44,60,109,32,24,25,36076,10.493383103285598,1135,1135,222,170,0.19559471365638767,0.14977973568281938
17031283800,945,90,0,42,40,46,56,37,21,43,59,78,167,41,77,87,61,35964,10.490273717104664,2396,2396,1495,196,0.6239565943238731,0.08180300500834725
17031290900,1257,320,82,86,147,52,19,93,93,74,84,102,79,26,0,0,0,10730,9.280798835624744,4430,4430,4224,145,0.9534988713318284,0.0327313769751693
17031291200,649,202,100,105,44,63,0,17,0,60,17,17,19,5,0,0,0,5795,8.664750755773852,2645,2645,2619,0,0.9901701323251417,0
17031291600,431,71,72,28,0,48,9,0,19,0,66,101,10,0,7,0,0,12649,9.445333439647541,1359,1359,461,909,0.33922001471670343,0.6688741721854304
17031292200,993,122,137,97,69,94,46,34,89,0,131,64,37,0,12,61,0,12982,9.471319061593414,3356,3356,3212,0,0.9570917759237187,0
17031292400,807,204,125,55,22,78,32,92,31,29,36,25,47,20,11,0,0,11822,9.377717481384314,2193,2193,2168,24,0.9886000911992704,0.01094391244870041
17031292500,1196,209,28,117,131,70,60,28,84,66,54,128,110,46,12,53,0,16517,9.71214543252109,3762,3762,3727,0,0.9906964380648591,0
17031300500,732,40,36,25,70,15,25,90,106,69,125,25,77,0,16,13,0,12703,9.44959346502346,3179,3179,177,3067,0.05567788612771312,0.9647687952186222
17031300600,888,90,79,22,95,64,23,87,53,0,96,89,79,19,36,43,13,14934,9.611395771595648,3816,3816,888,2690,0.23270440251572327,0.7049266247379455
17031300700,1254,49,73,127,178,162,110,53,33,187,149,44,24,26,39,0,0,10982,9.304012847838818,4958,4958,127,4772,0.025615167406212183,0.9624848729326341
17031300800,1150,86,95,194,86,56,104,187,52,0,92,0,33,153,0,0,12,10707,9.27865301215827,5066,5066,13,4838,0.0025661271219897357,0.95499407816818
17031300900,1049,125,78,206,103,65,59,36,33,121,100,62,59,0,0,2,0,8847,9.087833697483386,4071,4071,90,3814,0.02210759027266028,0.936870547776959
17031301100,727,50,73,66,83,76,64,79,23,54,55,53,20,31,0,0,0,10936,9.299815378403785,3102,3102,725,2221,0.23372018052869117,0.7159896840747905
17031301200,1105,107,107,173,32,32,51,74,40,150,57,75,138,19,23,18,9,15150,9.625755810937516,4228,4228,355,3832,0.08396404919583728,0.9063386944181646
17031301600,1206,108,88,86,135,125,216,46,12,50,90,63,128,30,11,8,10,12393,9.424887076064874,4485,4485,10,4401,0.002229654403567447,0.9812709030100334
17031310200,679,64,36,0,43,21,44,43,28,39,41,86,100,11,45,56,22,30380,10.321539776149764,1631,1631,188,958,0.11526670754138565,0.5873697118332312
17031310300,787,39,8,53,0,112,42,35,36,20,101,57,124,70,44,12,34,31354,10.353097129628477,1906,1906,32,1124,0.016789087093389297,0.5897166841552991
17031310400,527,65,38,62,69,70,8,32,76,0,22,40,30,0,15,0,0,13693,9.524640032332234,1373,1373,109,1113,0.07938820101966497,0.8106336489439184
17031310500,514,93,56,52,21,43,28,34,81,28,0,19,12,0,19,28,0,14593,9.588297240667746,1499,1499,0,1367,0,0.9119412941961308
17031310600,1920,326,285,97,166,210,15,196,122,90,116,93,164,19,21,0,0,12747,9.453051228782922,5277,5277,490,3961,0.09285578927420883,0.750615880234982
17031310700,601,134,69,96,36,58,19,42,47,26,9,40,9,16,0,0,0,8939,9.098179005087852,2571,2571,86,1946,0.033450019447685726,0.7569039284325165
17031310800,1466,292,119,89,37,96,101,62,124,89,98,135,135,69,0,10,10,14192,9.56043370454936,4751,4751,35,4202,0.007366870132603663,0.8844453799200168
17031310900,1666,214,215,167,127,98,68,119,102,77,124,193,68,61,10,23,0,12735,9.452109387413557,5483,5483,159,4945,0.028998723326645996,0.901878533649462
17031320100,4385,238,52,85,130,51,118,80,105,228,344,460,460,484,349,409,792,84586,11.345524047266652,7283,7283,408,307,0.05602087052038995,0.042152958945489497
17031320400,107,0,11,0,18,0,0,0,0,0,0,0,39,5,0,0,34,29585,10.295022755110795,518,518,22,24,0.04247104247104247,0.04633204633204633
17031320600,2030,258,52,58,59,67,44,85,37,22,93,196,189,68,194,367,241,70388,11.161778073071652,3338,3338,673,26,0.20161773517076093,0.007789095266626723
17031330100,6708,664,400,153,272,175,101,79,201,163,377,561,1023,620,461,770,688,64092,11.06807483012777,11494,11494,4075,647,0.35453279972159385,0.056290238385244475
17031330200,1835,136,132,50,32,12,51,19,55,88,158,92,144,164,116,261,325,55826,10.929994989669282,3900,3900,1202,155,0.3082051282051282,0.03974358974358974
17031340300,684,139,63,24,65,21,38,28,21,21,47,89,19,37,16,48,8,19337,9.869775638050593,2064,2064,20,189,0.009689922480620155,0.09156976744186046
17031340400,649,72,36,45,0,80,0,17,38,32,56,53,77,63,26,42,12,22871,10.037625011465359,1975,1975,46,127,0.02329113924050633,0.06430379746835443
17031340500,882,292,116,10,10,11,29,20,20,12,90,124,81,25,22,10,10,22563,10.024066675494513,1629,1629,249,116,0.15285451197053407,0.07120933087783916
17031340600,371,150,89,19,34,17,0,9,20,0,24,9,0,0,0,0,0,8378,9.03336450150698,853,853,853,0,1,0
17031350100,1601,207,43,45,108,57,205,106,219,18,190,124,137,96,25,11,10,33903,10.43125878502826,2276,2276,1492,63,0.655536028119508,0.027680140597539545
17031350400,177,55,39,33,7,17,0,20,6,0,0,0,0,0,0,0,0,4938,8.504715669905124,543,543,543,0,1,0
17031351000,1552,211,24,93,79,100,70,37,118,100,161,162,184,73,57,24,59,36250,10.49819466028282,2668,2668,2394,17,0.8973013493253373,0.006371814092953523
17031351100,1068,464,146,58,79,74,22,43,29,47,0,43,51,12,0,0,0,8964,9.100971834920818,2732,2732,2732,0,1,0
17031351400,844,320,116,95,92,7,26,15,0,15,18,44,68,23,5,0,0,12996,9.472396896788991,1726,1726,1569,141,0.9090382387022016,0.0816917728852839
17031351500,41,0,0,0,16,25,0,0,0,0,0,0,0,0,0,0,0,10178,9.227983807148778,101,101,101,0,1,0
17031360200,334,59,72,63,27,35,8,15,0,15,14,0,0,0,26,0,0,12678,9.447623486844112,819,819,785,34,0.9584859584859585,0.04151404151404151
17031380100,962,349,214,57,0,15,0,7,50,50,47,33,89,0,11,0,40,17164,9.750569446111415,2314,2314,2296,0,0.9922212618841832,0
17031380200,1065,253,237,127,159,68,64,0,12,28,0,27,58,0,0,9,23,17560,9.773378867189107,1683,1683,1676,0,0.995840760546643,0
17031380500,66,0,0,0,31,9,7,0,0,0,10,0,9,0,0,0,0,10871,9.293853972204001,235,235,217,0,0.9234042553191489,0
17031380700,471,65,64,89,26,0,30,13,0,0,0,126,34,9,0,15,0,15535,9.650850821827147,1354,1354,1118,25,0.8257016248153619,0.01846381093057607
17031381200,1155,277,90,33,61,61,127,48,32,40,102,29,83,89,18,47,18,26531,10.18606913959895,2109,2109,1912,0,0.9065908013276435,0
17031381400,506,24,68,33,50,15,15,58,16,14,84,14,81,15,19,0,0,14140,9.556762939450564,1780,1780,1702,68,0.9561797752808989,0.038202247191011236
17031381500,182,0,0,60,0,0,0,0,0,0,27,0,95,0,0,0,0,21553,9.978270296979813,514,514,514,0,1,0
17031381700,0,0,0,0,0,0,0,0,0,0,0,0,0,0,0,0,0,NA,NA,0,0,0,0,NaN,NaN
17031381800,438,108,37,70,59,0,0,16,9,0,8,36,50,26,0,0,19,21937,9.995929987925688,884,884,843,19,0.9536199095022625,0.021493212669683258
17031381900,621,155,96,30,0,29,9,39,35,53,0,55,29,19,50,8,14,23564,10.067475402641579,1361,1361,1325,0,0.973548861131521,0
17031390100,517,43,55,50,0,50,68,37,12,22,0,51,64,9,6,22,28,21893,9.993922230007335,1416,1416,1337,37,0.9442090395480226,0.026129943502824857
17031390200,795,62,66,64,0,0,20,39,29,20,71,101,62,101,105,55,0,32451,10.387486538298399,1854,1854,1676,0,0.9039913700107874,0
17031390300,1361,463,201,38,183,57,50,0,29,9,95,101,40,30,20,0,45,22177,10.00681099476803,2701,2701,2575,0,0.9533506108848575,0
17031390400,1626,425,254,69,154,39,58,106,50,0,106,146,60,80,18,29,32,20148,9.91086030686554,3249,3249,3006,32,0.925207756232687,0.009849184364419821
17031390500,718,76,43,39,30,51,55,63,9,0,33,11,103,85,12,63,45,61181,11.021591962782166,1274,1274,741,141,0.5816326530612245,0.11067503924646782
17031390600,915,58,33,29,53,19,154,19,89,3,40,28,72,55,77,34,152,48079,10.78060077032391,2120,2120,1072,49,0.5056603773584906,0.02311320754716981
17031390700,3312,434,305,165,272,137,183,234,40,126,249,367,348,87,48,74,243,45043,10.715372868055429,5256,5256,2772,261,0.5273972602739726,0.04965753424657534
17031400300,610,150,53,30,18,50,68,35,34,33,22,84,10,23,0,0,0,12889,9.46412951340478,1690,1690,1690,0,1,0
17031400400,604,98,100,63,69,44,61,37,0,28,10,20,0,54,0,0,20,14120,9.555347511047232,1648,1648,1621,44,0.9836165048543689,0.02669902912621359
17031400500,846,258,83,97,42,46,43,51,36,34,8,62,60,26,0,0,0,11778,9.373988663504516,2333,2333,2322,0,0.9952850407201028,0
17031400800,966,389,144,83,114,58,54,38,9,25,24,19,9,0,0,0,0,7183,8.879472402074802,2462,2462,2445,0,0.9930950446791227,0
17031410100,1114,47,123,182,50,86,52,11,17,25,125,96,156,0,66,41,37,38754,10.564989255260528,1723,1723,992,115,0.575739988392339,0.06674405107370865
17031410200,633,159,37,38,44,27,15,20,8,19,43,88,33,20,0,0,82,36036,10.492273717771331,1217,1217,522,55,0.42892358258011504,0.04519309778142974
17031410500,1150,218,70,119,22,81,113,30,32,60,51,40,108,67,58,50,31,26433,10.18236850853484,2450,2450,1669,138,0.6812244897959183,0.0563265306122449
17031410600,1025,42,11,31,104,27,83,90,12,23,85,72,159,84,42,64,96,64464,11.073862207431128,2245,2245,783,104,0.3487750556792873,0.046325167037861915
17031410700,1136,221,78,62,81,71,55,9,50,32,27,164,134,33,22,57,40,28925,10.272461552061877,2243,2243,584,98,0.2603655818100758,0.043691484618814086
17031410800,1646,182,75,182,141,103,89,62,86,152,136,182,154,42,0,40,20,31819,10.367818874622333,2736,2736,1087,124,0.3972953216374269,0.04532163742690058
17031410900,1919,206,136,154,95,168,23,107,106,0,104,271,111,78,33,180,147,36267,10.498663515870101,4239,4239,1661,374,0.39183769757018166,0.08822835574427931
17031411000,2121,343,75,160,94,58,130,82,77,9,256,197,110,159,97,211,63,37460,10.53102897599808,3862,3862,1269,154,0.32858622475401345,0.0398757120662869
17031411100,985,134,7,28,0,29,36,53,18,29,62,107,69,22,27,177,187,62899,11.04928554431096,2245,2245,47,38,0.02093541202672606,0.016926503340757237
17031411200,751,52,31,37,40,17,9,59,27,13,82,26,29,51,66,54,158,62871,11.048840287088053,1694,1694,145,75,0.08559622195985832,0.04427390791027155
17031420100,765,115,199,36,58,35,61,24,32,42,22,37,41,29,0,34,0,19270,9.866304761408411,1578,1578,1527,0,0.967680608365019,0
17031420200,684,157,118,15,63,30,0,42,0,55,19,46,81,2,40,16,0,17066,9.744843459096531,1764,1764,1268,51,0.7188208616780045,0.02891156462585034
17031420300,655,59,33,61,26,105,14,31,94,0,9,25,89,29,41,28,11,23712,10.073736528095813,1740,1740,1274,80,0.732183908045977,0.04597701149425287
17031420400,807,256,103,43,23,32,51,83,34,25,35,21,55,17,29,0,0,17646,9.77826440778205,1510,1510,1260,46,0.8344370860927153,0.030463576158940398
17031420500,1152,272,204,48,65,123,81,68,29,45,113,33,55,0,0,0,16,14578,9.587268821942159,2548,2548,2548,18,1,0.00706436420722135
17031420600,789,202,112,32,136,55,0,21,0,2,78,81,11,29,0,30,0,13983,9.54559758504085,2161,2161,2133,18,0.987043035631652,0.008329477093937991
17031420700,1160,268,50,130,89,80,73,75,83,53,39,79,30,59,0,52,0,15563,9.65265158120501,3205,3205,3189,16,0.9950078003120125,0.0049921996879875195
17031420800,793,197,123,72,64,11,37,64,0,10,77,29,50,26,15,18,0,12008,9.393328373313297,2461,2461,2351,74,0.9553027224705404,0.030069077610727347
17031421200,643,146,142,31,45,11,45,39,8,31,45,29,50,10,11,0,0,13304,9.495820020872763,1669,1669,1669,0,1,0
17031430200,2526,622,346,80,195,142,247,92,118,27,196,115,104,105,0,32,105,28665,10.263432145342483,4874,4874,4648,78,0.9536315141567501,0.01600328272466147
17031430300,878,167,61,109,80,30,72,52,70,30,43,50,26,78,10,0,0,15133,9.624633068687027,2387,2387,2355,29,0.9865940511101802,0.012149141181399247
17031430400,907,223,86,26,22,25,85,42,54,8,63,103,101,32,30,7,0,14385,9.573941275985648,2841,2841,2776,0,0.9771207321365716,0
17031430500,1809,585,176,115,215,136,97,111,55,91,99,86,18,25,0,0,0,12775,9.455245415071905,3684,3684,3653,0,0.991585233441911,0
17031430600,735,98,80,46,94,49,23,27,42,0,87,64,42,42,25,16,0,22041,10.000659634288388,1486,1486,1402,26,0.9434724091520862,0.017496635262449527
17031430700,1273,348,89,60,105,66,102,40,141,30,76,45,41,28,84,11,7,21114,9.95769160654964,2506,2506,2419,92,0.9652833200319234,0.03671189146049481
17031430800,838,72,72,101,84,106,85,15,37,38,63,24,62,32,30,9,8,17889,9.791941277791215,2152,2152,2050,85,0.9526022304832714,0.03949814126394052
17031430900,700,167,73,31,45,88,19,37,7,19,48,35,40,33,37,10,11,20474,9.926911067479717,1568,1568,1546,70,0.985969387755102,0.044642857142857144
17031431200,1193,162,90,0,78,24,37,73,60,31,75,180,190,80,34,57,22,24392,10.10201048866809,3102,3102,3102,0,1,0
17031431400,3354,656,435,321,242,223,211,232,118,51,143,474,149,49,39,11,0,17050,9.743905482711662,7081,7081,6762,179,0.9549498658381584,0.02527891540742833
17031440300,2402,245,157,194,164,158,107,112,88,241,258,208,176,131,49,92,22,23692,10.072892717396856,5383,5383,5250,0,0.9752925877763329,0
17031440600,965,84,28,9,9,34,32,60,25,49,55,42,139,141,56,192,10,32626,10.392864795496248,2707,2707,2694,0,0.995197635759143,0
17031440700,599,17,76,96,47,4,0,21,32,27,22,9,137,37,54,0,20,21049,9.954608332043842,1964,1964,1881,0,0.9577393075356415,0
17031440800,846,138,83,130,39,76,52,27,0,62,44,49,95,8,29,0,14,17843,9.789366553431428,2104,2104,2074,0,0.9857414448669202,0
17031440900,1164,134,47,39,54,120,94,52,58,50,109,145,152,52,58,0,0,17887,9.791829470993246,3596,3596,3506,32,0.974972191323693,0.008898776418242492
17031450300,1523,281,85,122,108,36,82,46,26,49,113,251,84,156,40,30,14,23208,10.05225232580124,3529,3529,3508,0,0.9940493057523377,0
17031460100,1493,113,116,73,229,135,167,31,92,65,251,110,90,9,0,0,12,19541,9.880270101359944,3513,3513,2821,719,0.8030173640762881,0.20466837460859663
17031460200,826,174,48,38,93,37,110,32,0,92,46,45,60,51,0,0,0,13066,9.477768715400696,2584,2584,953,1540,0.3688080495356037,0.5959752321981424
17031460400,1577,147,140,174,50,184,23,42,108,18,106,173,215,121,55,21,0,20125,9.909718102286764,4235,4235,4144,11,0.9785123966942149,0.0025974025974025974
17031460500,2537,250,164,107,27,96,221,240,89,78,219,231,349,255,142,69,0,24975,10.125630603516754,6250,6250,6161,0,0.98576,0
17031460600,375,105,18,50,15,12,31,13,39,36,0,18,28,0,0,10,0,10339,9.243678431586693,1248,1248,971,264,0.7780448717948718,0.21153846153846154
17031460700,1115,255,195,92,75,71,90,12,51,58,57,49,89,8,0,0,13,8976,9.102309627762478,4020,4020,1720,2410,0.42786069651741293,0.599502487562189
17031461000,697,260,117,47,69,36,61,0,0,45,0,49,0,13,0,0,0,14113,9.554851637414007,1090,1090,851,188,0.7807339449541284,0.1724770642201835
17031470100,1194,253,178,110,28,24,109,37,58,36,99,111,68,12,61,10,0,12367,9.422786913742057,4138,4138,4056,0,0.9801836636056066,0
17031480100,940,65,19,34,24,20,65,15,70,0,80,196,226,63,16,23,24,28437,10.25544639312115,2432,2432,2415,55,0.9930098684210527,0.02261513157894737
17031480200,551,47,14,36,91,116,10,16,38,29,9,63,44,10,0,28,0,15120,9.623773649733524,1729,1729,1646,0,0.9519953730480046,0
17031480300,625,31,70,21,0,41,12,55,24,52,114,93,100,9,0,0,3,19801,9.893487720457795,1743,1743,1743,0,1,0
17031480400,2541,100,121,149,130,166,25,155,65,67,366,234,239,246,172,161,145,31408,10.354817916516243,6934,6934,6816,119,0.982982405537929,0.017161811364291894
17031480500,1194,267,68,28,36,29,22,86,74,76,98,121,88,104,10,39,48,21745,9.987139125031739,3593,3593,3138,526,0.8733648761480657,0.14639576955190647
17031490300,988,68,94,88,85,47,69,104,9,70,107,28,48,122,21,5,23,25219,10.135352957662207,2169,2169,2087,19,0.9621945597049332,0.00875979714153988
17031490400,478,70,45,15,38,32,0,6,11,11,57,38,98,33,24,0,0,20149,9.910909938351766,1308,1308,1308,0,1,0
17031490500,732,44,70,33,26,27,97,50,32,11,61,123,48,110,0,0,0,15946,9.67696329306244,2818,2818,2712,133,0.9623846699787083,0.04719659332860184
17031490600,541,29,26,6,55,16,60,30,7,50,44,59,31,84,17,13,14,21652,9.982853107916869,1750,1750,1684,0,0.9622857142857143,0
17031490700,1016,64,42,64,120,86,54,64,20,17,106,103,190,42,0,44,0,17690,9.780754787153832,3397,3397,3363,0,0.9899911686782455,0
17031490800,1511,187,118,99,124,138,71,63,91,7,167,115,140,106,59,26,0,19738,9.890300990731953,3969,3969,3888,0,0.9795918367346939,0
17031491000,1506,290,102,109,147,92,38,78,147,48,152,175,78,26,24,0,0,10691,9.2771575450135,5920,5920,5834,28,0.985472972972973,0.00472972972972973
17031491100,1711,82,137,86,119,104,74,91,30,121,212,197,146,97,43,83,89,21795,9.989435864672492,5416,5416,5350,13,0.9878138847858198,0.0024002954209748893
17031491200,820,97,31,52,89,57,11,15,21,24,98,66,161,78,20,0,0,17532,9.7717830615387,2664,2664,2593,22,0.9733483483483484,0.008258258258258258
17031491300,1001,124,95,80,136,47,56,123,55,10,100,103,30,13,10,19,0,11934,9.387146748082028,3396,3396,3320,0,0.9776207302709069,0
17031491400,1139,205,140,124,29,50,28,65,70,82,128,75,106,11,10,16,0,13219,9.4894104675794,3625,3625,3605,0,0.9944827586206897,0
17031500100,1557,110,122,29,129,218,125,77,100,21,190,181,218,19,13,5,0,18832,9.843312829500057,3906,3906,3865,72,0.9895033282130057,0.018433179723502304
17031500200,729,202,27,92,76,0,28,62,32,22,65,54,69,0,0,0,0,11346,9.336620537886512,2185,2185,2058,102,0.9418764302059497,0.04668192219679634
17031500300,944,124,90,38,30,18,77,91,70,40,106,155,34,58,0,11,2,24194,10.093859947519794,1809,1809,718,464,0.3969043670536208,0.2564953012714207
17031510100,1093,73,88,34,108,44,105,107,117,22,115,163,39,65,0,13,0,13596,9.517530910816006,3926,3926,115,3035,0.029291900152827306,0.7730514518593988
17031510200,1151,195,77,77,70,33,47,20,40,111,97,171,80,99,19,0,15,17985,9.797293356129725,3453,3453,2960,353,0.8572256009267304,0.10222994497538372
17031510300,2197,202,240,149,97,126,29,202,185,78,171,298,204,168,31,17,0,16161,9.690356211348643,6869,6869,6793,41,0.9889357985150677,0.005968845537924006
17031520100,582,100,22,45,32,90,23,32,27,9,24,38,66,21,53,0,0,13845,9.535679435605061,2021,2021,193,1674,0.09549727857496289,0.8283028203859476
17031520200,1172,157,68,105,145,80,32,73,65,40,85,201,25,80,8,8,0,11538,9.353401214816834,4534,4534,357,3837,0.07873842082046757,0.8462726069695633
17031520300,1884,122,76,241,89,119,158,133,102,194,124,203,133,120,70,0,0,13198,9.487820581943367,7050,7050,125,5966,0.01773049645390071,0.8462411347517731
17031520400,1514,119,98,179,93,145,21,100,11,88,127,174,148,124,75,12,0,14439,9.577688157971219,5596,5596,42,4521,0.007505360972122945,0.8078984989278056
17031520500,1642,109,90,104,60,103,78,58,45,83,132,326,105,98,131,96,24,25430,10.143684858416165,4715,4715,38,3024,0.008059384941675504,0.6413573700954401
17031520600,841,24,29,67,57,108,65,9,46,65,54,55,131,87,0,44,0,17906,9.792891131194102,2692,2692,168,1633,0.06240713224368499,0.6066121842496285
17031530100,814,144,84,126,18,54,27,11,18,78,52,70,63,30,0,39,0,13287,9.494541392591309,2838,2838,1758,997,0.6194503171247357,0.3513037350246653
17031530200,1554,351,128,63,85,77,114,95,27,57,186,88,231,38,5,9,0,11086,9.31343832997975,6045,6045,5964,82,0.9866004962779157,0.013564929693961952
17031530300,1577,161,69,140,73,136,87,104,11,65,268,114,143,118,55,12,21,19066,9.855661923053523,4700,4700,4478,88,0.9527659574468085,0.01872340425531915
17031530400,737,64,31,15,42,47,85,35,42,67,87,94,56,43,21,8,0,18514,9.826282481627157,2093,2093,1939,109,0.9264214046822743,0.05207835642618251
17031530600,1289,234,166,107,23,68,115,8,76,26,143,110,102,72,0,30,9,14998,9.615672137861335,4010,4010,3973,0,0.9907730673316708,0
17031550100,2826,148,172,152,215,158,142,179,66,157,178,320,221,465,91,126,36,23203,10.052036859639367,8160,8160,838,3417,0.10269607843137254,0.41875
17031550200,1136,76,73,68,61,81,74,64,143,39,65,139,104,90,28,23,8,22409,10.01721794286315,2720,2720,230,1296,0.08455882352941177,0.4764705882352941
17031560100,293,62,9,22,19,20,0,6,0,18,38,59,6,0,22,12,0,16524,9.712569148516655,916,916,58,600,0.06331877729257641,0.6550218340611353
17031560200,888,184,94,87,68,58,37,20,0,52,56,57,81,86,8,0,0,12996,9.472396896788991,3030,3030,2855,119,0.9422442244224423,0.03927392739273927
17031560300,996,24,28,62,59,48,91,34,31,71,109,142,117,79,37,38,26,19508,9.878579916829944,3477,3477,174,2483,0.05004314063848145,0.7141213689962611
17031560400,427,0,70,0,29,15,8,26,41,0,49,33,47,36,48,0,25,22265,10.010771217755803,1516,1516,9,829,0.005936675461741424,0.5468337730870713
17031560700,1221,90,53,109,28,70,87,57,77,58,95,90,159,67,102,54,25,21746,9.987185111557695,3896,3896,9,1746,0.0023100616016427105,0.44815195071868585
17031560800,2198,46,231,69,71,161,90,129,157,98,232,195,441,84,57,82,55,24937,10.1241079233059,5720,5720,25,1841,0.004370629370629371,0.32185314685314687
17031560900,1939,45,129,29,99,95,47,44,26,115,135,306,315,228,188,108,30,28947,10.273221850688493,5345,5345,0,1070,0,0.20018709073900842
17031561000,2107,200,70,108,27,45,85,84,92,111,167,194,426,175,211,90,22,27044,10.205220448210568,5710,5710,0,1260,0,0.22066549912434325
17031561100,2051,12,138,81,62,102,60,195,43,97,136,206,460,250,139,33,37,28130,10.244591901483902,5345,5345,21,1590,0.0039289055191768,0.29747427502338636
17031570100,374,41,0,64,3,12,10,26,0,44,51,50,10,39,9,0,15,18277,9.813398717754442,1241,1241,0,743,0,0.5987107171635777
17031570200,585,0,53,40,58,43,66,0,10,0,39,111,35,33,47,50,0,22629,10.02698754852174,1775,1775,0,1195,0,0.6732394366197183
17031570300,1477,162,27,48,69,163,98,67,98,64,208,209,134,65,44,0,21,16190,9.69214904667168,5031,5031,33,3493,0.00655933214072749,0.6942953687139733
17031570400,447,17,27,14,0,37,14,41,67,22,36,57,30,18,19,48,0,20616,9.933822752332201,1484,1484,0,1183,0,0.7971698113207547
17031570500,739,39,21,57,135,72,11,99,11,30,51,84,40,20,21,27,21,14859,9.6063610212563475,2784,2784,175,1734,0.06285919540229885,0.6228448275862069
17031580100,885,85,33,110,47,88,90,28,52,23,47,70,92,61,59,0,0,14428,9.57692604202343,3188,3188,133,2366,0.0417189460476788,0.7421580928481807
17031580200,895,111,29,25,94,79,66,9,63,8,121,96,127,27,0,40,0,13284,9.494315582496638,3717,3717,17,3156,0.0045735808447672855,0.8490718321226796
17031580300,624,9,29,27,51,65,136,21,75,30,7,55,93,6,0,20,0,10947,9.300820725104558,2943,2943,0,2761,0,0.9381583418280666
17031580400,1263,81,173,126,100,64,59,83,31,28,108,152,100,66,71,21,0,16300,9.698920386794853,4011,4011,36,2884,0.008975317875841436,0.7190226876090751
17031580600,1565,48,57,122,101,227,54,88,90,199,96,253,157,23,41,9,0,13655,9.521861033907806,5886,5886,194,5012,0.03295956506965681,0.8515120625212368
17031580700,1495,159,107,206,94,96,126,89,65,40,150,123,114,61,29,36,0,12504,9.433803872101313,5505,5505,0,4786,0,0.8693914623069936
17031580800,485,27,47,0,31,47,35,36,33,29,67,42,64,27,0,0,0,13826,9.53430615650521,1786,1786,31,1585,0.017357222844344905,0.8874580067189249
17031590500,673,21,38,42,29,72,9,54,20,51,93,72,94,29,49,0,0,20013,9.904137341377625,1966,1966,71,1303,0.03611393692777213,0.6627670396744659
17031590600,1194,72,119,190,67,73,59,74,85,19,101,71,123,8,93,32,8,16517,9.71214543252109,3808,3808,170,2373,0.044642857142857144,0.6231617647058824
17031590700,932,66,21,54,37,133,66,91,38,74,32,126,88,31,65,10,0,18490,9.82498532438117,2793,2793,132,1928,0.047261009667024706,0.690297171500179
17031600400,1459,62,72,84,196,131,72,45,66,77,160,165,234,40,10,16,29,19494,9.877862004897155,4086,4086,92,912,0.022515907978463045,0.22320117474302498
17031600600,945,92,48,90,30,40,138,35,51,34,76,39,114,45,18,64,31,22279,10.011399809730523,2726,2726,8,1016,0.00293470286133529,0.3727072633895818
17031600700,832,141,99,44,88,13,52,99,9,39,33,65,65,37,31,17,0,16166,9.69066555029379,2328,2328,15,1053,0.006443298969072165,0.452319587628866
17031600900,1468,204,126,45,168,81,82,91,92,55,114,113,118,54,75,31,19,19100,9.857443614034722,3894,3894,214,1129,0.05495634309193631,0.2899332306111967
17031610300,1536,149,136,235,291,132,80,174,41,58,33,86,70,51,0,0,0,9936,9.20391980417326,5355,5355,156,4823,0.029131652661064426,0.90065359477124185
17031610400,655,91,61,75,63,44,85,50,50,20,0,85,31,0,0,0,0,9952,9.20552881497896,2151,2151,0,2151,0,1
17031610800,578,88,33,34,26,29,7,18,20,13,19,76,103,71,24,14,3,24611,10.11094877644823,1490,1490,0,326,0,0.21879194630872484
17031611000,229,47,17,75,18,0,0,12,12,0,14,22,12,0,0,0,0,7207,8.88280805492444,904,904,692,183,0.7654867256637168,0.20243362831858408
17031611100,665,90,73,81,70,116,22,17,89,0,47,9,31,20,0,0,0,8991,9.103979355984773,2392,2392,684,1478,0.28595317725752506,0.6178929765886287
17031611200,730,81,80,39,4,196,82,65,18,45,52,47,0,10,6,0,5,9449,9.153664194782626,2735,2735,381,2064,0.13930530164533822,0.7546617915904936
17031611300,948,71,93,137,160,49,59,55,47,49,123,58,47,0,0,0,0,9842,9.194414221425923,3418,3418,80,3083,0.023405500292568753,0.9019894675248683
17031611400,1156,198,47,88,176,125,104,66,34,41,108,62,55,52,0,0,0,9026,9.107864580386947,4673,4673,48,4478,0.010271774020971538,0.9582709180398031
17031611500,1054,133,74,100,84,120,110,21,47,48,119,104,39,28,7,20,0,12705,9.449750895754265,3444,3444,435,2912,0.12630662020905922,0.8455284552845529
17031611600,415,42,11,19,0,0,64,0,53,0,43,0,159,0,0,0,24,15925,9.675645480440364,2084,2084,1960,149,0.9404990403071017,0.07149712092130518
17031611700,523,147,18,37,64,21,17,0,41,32,0,73,39,25,9,0,0,10954,9.301459965343666,2098,2098,1575,479,0.7507149666348903,0.22831267874165873
17031611800,752,172,39,30,17,78,72,0,8,98,52,126,27,30,0,3,0,11250,9.328123407632566,2686,2686,1708,780,0.6358897989575577,0.2903946388682055
17031611900,624,112,103,9,25,5,49,72,73,13,36,68,22,37,0,0,0,9235,9.13075589263334,2717,2717,2171,560,0.7990430622009569,0.20610967979389033
17031612000,525,123,28,52,77,31,40,14,29,52,35,0,8,7,21,0,8,12182,9.40771473139643,1920,1920,1915,0,0.9973958333333334,0
17031612100,480,126,31,23,0,66,0,11,0,39,0,54,64,27,0,39,0,13923,9.541297427909285,1851,1851,1829,0,0.9881145326850351,0
17031620100,1083,69,83,87,40,93,65,44,55,8,62,52,248,91,35,50,1,18004,9.798349234412823,3890,3890,148,3147,0.038046272493573265,0.8089974293059126
17031620200,747,18,41,38,13,27,5,76,111,49,81,78,149,38,0,23,0,17718,9.782336350971978,2489,2489,21,1683,0.008437123342707915,0.6761751707513057
17031620300,1945,69,133,32,75,275,130,115,90,140,204,255,245,132,30,9,11,16402,9.705158557596356,6745,6745,13,4761,0.001927353595255745,0.7058561897702001
17031620400,1267,22,71,65,20,9,62,105,162,84,197,125,253,53,20,0,19,15216,9.630102784785171,5125,5125,215,4161,0.041951219512195125,0.8119024390243903
17031630100,404,35,0,63,36,34,6,23,9,22,29,18,30,74,18,0,7,16810,9.729729226402661,1437,1437,411,912,0.2860125260960334,0.6346555323590815
17031630200,548,0,5,28,61,81,21,8,53,35,111,61,53,9,12,10,0,14270,9.565914710470881,2138,2138,0,1701,0,0.7956033676333022
17031630300,1250,37,102,67,117,70,139,158,104,42,67,48,193,77,0,29,0,11818,9.37737907190562,5468,5468,11,4711,0.002011704462326262,0.8615581565471836
17031630400,1726,47,80,100,178,156,178,95,74,107,138,235,197,73,31,15,22,13270,9.493261127326253,7348,7348,26,6791,0.003538377789874796,0.9241970604246054
17031630500,1326,68,33,89,64,47,177,91,92,81,195,121,207,52,9,0,0,11583,9.357293784932345,6115,6115,186,5696,0.030417007358953394,0.9314799672935404
17031630800,1762,115,114,131,189,188,133,108,91,91,165,207,146,28,47,9,0,11781,9.37424334324612,7077,7077,550,6142,0.07771654655927653,0.8678818708492299
17031630900,1172,71,77,51,63,64,105,82,93,161,82,151,75,73,12,5,7,13202,9.488123612248716,4752,4752,32,4271,0.006734006734006734,0.8987794612794613
17031640100,468,47,0,59,36,38,0,0,42,11,88,73,37,0,11,25,1,18747,9.838789018597192,1327,1327,94,702,0.07083647324792766,0.5290128108515448
17031640300,2378,113,121,92,103,140,200,72,154,168,202,236,360,105,129,125,58,23642,10.070780070310322,6972,6972,182,2525,0.02610441767068273,0.3621629374641423
17031640400,1297,61,56,94,15,95,51,59,38,53,146,112,268,101,116,32,0,26920,10.200624783758665,3231,3231,0,698,0,0.21603218817703498
17031640500,1523,136,64,8,7,126,60,88,70,128,158,162,271,98,100,38,9,26289,10.17690587972396,3774,3774,31,1366,0.008214096449390567,0.36195018547959723
17031640600,1670,108,58,188,141,46,55,121,171,58,201,112,149,143,65,54,0,22128,10.00459905390454,4199,4199,0,1616,0,0.38485353655632293
17031640700,1119,42,49,58,27,36,13,82,110,147,154,135,156,76,21,13,0,21224,9.962887895817575,3116,3116,10,1676,0.003209242618741977,0.5378690629011553
17031640800,511,27,0,20,33,66,0,0,23,0,75,71,133,5,46,12,0,18485,9.824714871370732,1864,1864,0,1323,0,0.7097639484978541
17031650100,1310,83,93,124,105,74,63,59,121,115,70,136,204,38,25,0,0,12060,9.397649470281177,5395,5395,185,4077,0.03429101019462465,0.7556997219647822
17031650200,2001,155,54,60,158,207,71,73,103,158,220,274,109,131,106,110,12,18207,9.809561414503964,6927,6927,81,4015,0.01169337375487224,0.5796159953803955
17031650400,1628,148,41,151,51,61,189,31,135,103,308,142,231,0,0,37,0,13516,9.511629447834181,6092,6092,268,4931,0.043992120814182537,0.8094221930400525
17031650500,1456,48,44,93,108,140,123,35,56,64,166,115,252,111,15,59,27,20848,9.945013299364627,4443,4443,546,2903,0.12288993923024984,0.653387350889039
17031660400,1501,118,74,116,75,163,163,135,85,58,93,117,189,41,31,43,0,13212,9.48888078651068,5814,5814,268,5028,0.04609563123495012,0.8648090815273478
17031660500,1360,229,135,85,117,67,16,94,91,63,113,130,82,67,46,9,16,12389,9.424564261115739,5307,5307,1002,3494,0.1888072357263991,0.658375730167703
17031660600,1892,228,161,177,54,158,150,113,115,86,217,106,176,43,76,32,0,14796,9.602112152952344,5952,5952,3489,2281,0.5861895161290323,0.38323252688172044
17031660700,612,31,26,53,28,80,45,31,0,46,90,85,37,41,19,0,0,15899,9.67401149314871,2032,2032,1890,47,0.9301181102362205,0.02312992125984252
17031660800,1831,182,177,194,51,105,150,114,257,127,150,112,81,85,46,0,0,13040,9.475776835480644,6231,6231,4524,1516,0.7260471834376505,0.2432996308778687
17031660900,1527,357,165,128,154,88,71,114,94,53,44,99,77,36,9,30,8,11025,9.307920700315046,4974,4974,4454,335,0.8954563731403297,0.06735022114997989
17031661000,1910,255,102,80,137,52,99,108,47,174,162,206,307,61,69,43,8,19223,9.86386275775286,5767,5767,5595,47,0.9701751343852957,0.008149817929599444
17031661100,1880,103,120,111,97,241,45,81,72,39,286,214,279,142,23,17,10,19039,9.854244785957677,6000,6000,2893,2517,0.4821666666666667,0.4195
17031670100,492,51,29,71,24,45,25,53,22,0,62,32,61,17,0,0,0,14984,9.614738244123924,1453,1453,1402,51,0.9649002064693737,0.03509979353062629
17031670200,513,136,50,22,11,19,26,21,47,21,43,89,9,0,0,19,0,10846,9.291551627401006,2051,2051,1963,99,0.9570941004388104,0.04826913700633837
17031670300,314,17,30,71,48,8,8,19,32,17,56,0,8,0,0,0,0,6233,8.73761303680885,3317,3317,3190,34,0.9617123907145011,0.010250226107928851
17031670400,598,109,20,72,115,49,27,24,27,29,64,34,22,0,0,6,0,6945,8.845777255188445,2972,2972,2943,56,0.9902422611036339,0.018842530282637954
17031670500,349,63,16,14,52,16,40,51,26,0,0,53,18,0,0,0,0,10053,9.215626376405421,1315,1315,1315,0,1,0
17031670600,471,98,44,75,12,5,12,12,87,0,70,24,32,0,0,0,0,10278,9.237760967552175,1632,1632,1620,0,0.9926470588235294,0
17031670700,440,108,73,7,28,28,5,16,17,0,0,53,55,40,0,0,10,11501,9.350189267092581,1789,1789,1735,0,0.9698155394074902,0
17031670800,589,100,60,69,31,32,23,50,5,25,67,29,40,29,29,0,0,13612,9.518707035620796,1949,1949,1858,91,0.9533093894304772,0.04669061056952283
17031670900,546,148,58,15,25,39,46,26,36,8,28,59,24,34,0,0,0,11933,9.387062950369655,1710,1710,1710,0,1,0
17031671100,366,73,16,32,88,0,9,27,6,20,16,20,49,0,0,10,0,9813,9.191463316206494,1493,1493,1339,154,0.8968519758874749,0.10314802411252512
17031671200,454,46,0,27,63,53,15,126,9,0,31,34,44,6,0,0,0,11861,9.381010986029276,1572,1572,1567,0,0.9968193384223919,0
17031671300,833,138,24,74,169,36,116,26,8,0,45,36,123,8,0,30,0,12507,9.434043766548907,2934,2934,2866,17,0.9768234492160872,0.005794137695978187
17031671400,547,41,32,83,23,5,75,57,34,28,107,21,22,19,0,0,0,12096,9.400630098419315,1955,1955,1851,69,0.9468030690537085,0.03529411764705882
17031671500,940,96,72,120,83,173,68,57,53,20,68,57,26,20,20,0,7,10331,9.242904362849446,3697,3697,3567,72,0.9648363538003787,0.01947525020286719
17031671600,847,147,153,97,102,43,62,43,54,27,26,41,52,0,0,0,0,10304,9.240287448344136,2462,2462,2450,12,0.9951259138911455,0.00487408610885459
17031671800,392,48,68,53,51,0,7,26,27,23,8,26,31,15,0,0,9,15195,9.628721705350893,1096,1096,1002,59,0.9142335766423357,0.053832116788321165
17031671900,309,65,41,8,33,0,56,0,8,8,14,31,18,8,19,0,0,11214,9.3249182766836185,1171,1171,1153,18,0.9846285226302306,0.015371477369769428
17031672000,1246,140,78,103,95,143,139,143,29,66,137,60,74,20,19,0,0,11115,9.316050826398296,4584,4584,4507,62,0.9832024432809773,0.013525305410122163
17031680500,496,202,39,44,13,16,21,21,46,35,0,0,59,0,0,0,0,9118,9.118005760773388,1504,1504,1485,18,0.9873670212765957,0.011968085106382979
17031680600,584,191,77,58,59,56,7,10,0,9,0,54,25,29,9,0,0,9715,9.18142636181154,1736,1736,1736,0,1,0
17031680900,1601,561,141,251,108,90,75,39,46,28,12,55,152,33,0,0,10,11733,9.370160663423624,4024,4024,3997,76,0.9932902584493042,0.018886679920477135
17031681000,1240,291,173,116,94,49,33,146,53,36,127,52,46,8,16,0,0,11461,9.346705246496699,3485,3485,3389,8,0.9724533715925394,0.0022955523672883787
17031681100,1443,381,65,122,79,53,128,107,48,63,107,79,112,31,22,26,20,14588,9.58795455192857,4616,4616,4564,15,0.988734835355286,0.0032495667244367417
17031681200,972,252,193,76,126,40,12,47,34,51,28,92,8,7,0,6,0,8739,9.075551045627543,3101,3101,3096,0,0.9983876168977749,0
17031681300,969,191,120,136,43,71,22,57,49,65,78,28,90,10,0,0,9,12792,9.45657525451379,3257,3257,3238,0,0.9941664108074916,0
17031681400,1170,333,80,126,128,65,45,40,33,53,20,156,44,25,22,0,0,11969,9.39007525287337,3391,3391,3361,0,0.991153052196992,0
17031690300,897,271,158,38,95,88,37,9,27,48,32,16,78,0,0,0,0,10816,9.288781798282745,2464,2464,2464,0,1,0
17031690400,1659,318,159,143,173,110,19,43,44,128,197,127,63,109,7,19,0,16081,9.685393729854024,4157,4157,4110,84,0.9886937695453452,0.020206879961510705
17031690500,462,91,18,39,93,38,1,0,30,12,20,0,60,33,27,0,0,16323,9.700330435154035,1464,1464,1464,0,1,0
17031690900,1896,234,177,85,89,183,188,142,79,176,180,65,225,39,12,0,22,18106,9.803998654035386,4734,4734,4674,48,0.9873257287705957,0.010139416983523447
17031691000,1143,87,55,26,118,69,140,105,61,55,108,95,111,103,10,0,0,21321,9.967447781495006,2756,2756,2630,0,0.9542815674891146,0
17031691100,1378,341,156,96,93,128,121,32,44,0,73,149,104,41,0,0,0,12254,9.4136076932856,3852,3852,3845,9,0.9981827622014537,0.002336448598130841
17031691200,1130,136,101,118,130,48,48,10,19,137,75,178,87,23,0,0,20,21886,9.993602441978389,2747,2747,2747,0,1,0
17031691300,1141,33,101,159,56,80,81,74,35,129,100,77,60,101,23,32,0,23119,10.048410069255738,2600,2600,2600,0,1,0
17031691400,1565,285,114,78,246,45,58,75,43,82,178,136,118,50,25,32,0,17687,9.780585185434793,3896,3896,3769,40,0.9674024640657084,0.01026694045174538
17031691500,853,139,54,129,107,30,42,31,63,11,130,20,43,18,32,4,0,15714,9.662307313735766,2074,2074,2002,0,0.9652844744455159,0
17031700100,1022,11,22,101,43,30,24,75,57,57,96,160,171,70,37,68,0,18419,9.821138019519102,3842,3842,2082,1442,0.5419052576782926,0.37532535137948986
17031700200,1886,90,86,96,55,120,77,107,74,75,296,214,294,201,64,37,0,16959,9.738553945343401,7024,7024,926,4839,0.13183371298405466,0.6889236902050114
17031710100,425,75,110,31,38,37,13,29,33,15,27,0,0,17,0,0,0,8312,9.025455532779063,1334,1334,1277,0,0.9572713643178411,0
17031710200,1929,482,142,198,157,51,36,81,85,107,241,163,91,50,45,0,0,12928,9.467150780760877,5837,5837,5755,54,0.9859516875107076,0.009251327736851122
17031710300,584,128,74,124,27,20,25,31,11,11,33,47,25,0,28,0,0,13637,9.520541965857834,1519,1519,1471,48,0.9684002633311389,0.031599736668861095
17031710400,2119,318,119,260,97,167,47,107,145,111,167,205,339,30,0,7,0,15655,9.658545633760506,6023,6023,5982,15,0.993192761082517,0.002490453262493774
17031710500,1704,289,169,181,96,165,88,97,55,26,84,159,90,114,57,7,27,16755,9.726452000171411,4731,4731,4731,0,1,0
17031710600,768,157,130,86,30,27,24,55,56,14,47,21,63,9,49,0,0,11860,9.380926672551716,2641,2641,2641,0,1,0
17031710700,1372,56,97,185,134,112,87,94,55,58,126,69,245,10,25,0,19,16699,9.723104116372433,4090,4090,4062,0,0.9931540342298288,0
17031710800,1866,245,185,64,22,128,194,46,181,88,137,200,205,57,26,76,12,18390,9.819562317598367,5445,5445,5402,56,0.9921028466483012,0.010284664830119375
17031710900,635,100,111,11,25,0,26,34,28,31,123,46,49,7,26,7,11,14368,9.57275879054198,2260,2260,2252,8,0.9964601769911504,0.0035398230088495575
17031711000,1258,134,73,101,91,30,108,139,73,50,67,183,117,30,48,0,14,18725,9.83761480838542,3699,3699,3603,19,0.9740470397404704,0.005136523384698567
17031711100,1079,173,134,97,79,45,14,29,74,61,108,109,89,61,0,6,0,12938,9.46792399660393,3675,3675,3658,36,0.9953741496598639,0.009795918367346938
17031711200,2052,201,125,110,210,133,39,63,89,100,155,300,198,296,33,0,0,19922,9.89957992770511,5761,5761,5714,0,0.9918416941503211,0
17031711300,669,80,108,88,11,41,11,10,14,33,55,19,107,20,25,47,0,16418,9.706133572908211,2143,2143,2017,110,0.9412039197386841,0.05132991133924405
17031711400,962,48,92,121,57,78,81,72,41,31,141,42,90,30,38,0,0,16636,9.719324300862802,2851,2851,2851,0,1,0
17031711500,915,108,106,73,44,59,109,24,32,62,90,31,45,70,0,62,0,14953,9.612667227583843,3249,3249,3249,63,1,0.019390581717451522
17031720100,1449,43,0,13,20,12,27,41,24,62,73,112,222,227,91,171,311,51587,10.851024981743453,4198,4198,1227,136,0.292282039066222,0.03239637922820391
17031720200,1648,89,0,97,23,72,39,43,158,71,72,338,174,144,105,70,153,30451,10.323874113321294,4789,4789,3069,0,0.6408435999164752,0
17031720300,1403,63,75,0,34,0,11,44,19,42,78,124,246,204,169,170,124,34698,10.454437327386273,4267,4267,1365,291,0.31989688305601127,0.0681977970471057
17031720400,973,12,11,33,44,0,10,21,44,49,26,136,248,147,117,42,33,34829,10.458205652066457,2554,2554,41,50,0.01605324980422866,0.01957713390759593
17031720500,838,4,28,29,33,0,13,27,13,77,35,68,141,90,32,175,73,45043,10.715372868055429,2283,2283,24,92,0.010512483574244415,0.04029785370127026
17031720600,656,21,0,0,19,16,0,27,34,13,62,41,57,54,53,96,163,43532,10.681251578815953,2122,2122,333,50,0.15692742695570217,0.0235626767200754
17031720700,1476,130,66,57,58,35,33,106,142,42,130,171,154,108,110,91,43,33642,10.423530565351728,3249,3249,1823,100,0.5610957217605417,0.030778701138811943
17031730100,980,71,42,53,25,128,152,16,69,19,119,115,85,76,10,0,0,17789,9.78633556772527,2715,2715,2672,0,0.9841620626151013,0
17031730300,448,47,0,78,0,42,47,14,38,0,33,56,0,41,37,15,0,18168,9.807417083785394,1404,1404,1404,0,1,0
17031730400,1478,105,102,87,72,55,106,59,49,143,91,152,121,133,129,47,27,24060,10.08830598952867,4113,4113,4044,27,0.9832239241429613,0.006564551422319475
17031730500,1663,72,34,217,120,50,258,63,122,56,106,147,150,181,49,38,0,20639,9.934937768809375,4822,4822,4787,28,0.9927416009954376,0.005806719203649938
17031730600,1262,57,84,69,112,49,29,17,53,64,85,182,330,45,57,9,20,22440,10.018600359636633,3783,3783,3721,0,0.9836108908273856,0
17031730700,707,99,20,68,33,11,28,13,35,48,174,32,99,38,9,0,0,17989,9.797515738962685,1998,1998,1998,0,1,0
17031740100,1298,58,66,28,49,62,0,54,92,36,161,132,157,125,158,85,35,34833,10.458320492295115,3198,3198,14,228,0.004377736085053158,0.07129455909943715
17031740200,2091,47,21,60,51,13,36,95,39,49,109,287,498,275,270,204,37,29931,10.306650011581617,6668,6668,141,389,0.021145770845830834,0.05833833233353329
17031740300,1738,53,54,62,69,19,23,24,33,160,131,198,357,209,140,165,41,33099,10.407258349428416,4729,4729,65,97,0.01374497779657433,0.020511736096426307
17031740400,1882,12,63,69,85,58,35,67,48,101,165,317,441,218,72,104,27,29841,10.303638565820524,4955,4955,734,421,0.14813319878910192,0.08496468213925328
17031750100,1614,210,138,90,231,76,94,48,77,32,104,206,223,49,12,24,0,17759,9.784647708654596,4403,4403,4235,135,0.9618441971383148,0.03066091301385419
17031750200,1245,127,55,26,39,49,41,51,49,74,128,85,120,169,84,74,74,34376,10.44511392545483,2967,2967,1917,85,0.6461071789686552,0.028648466464442197
17031750300,942,22,0,38,0,28,19,21,28,56,97,130,161,140,59,123,20,29723,10.299676435863896,2831,2831,461,115,0.16283998587071707,0.040621688449311195
17031750400,1249,58,30,25,31,38,60,23,6,39,90,189,169,330,109,40,12,32794,10.398000850809813,3205,3205,779,32,0.24305772230889236,0.009984399375975039
17031750500,2041,229,57,151,73,200,74,119,82,123,57,201,238,250,77,56,54,23057,10.045724689956613,5814,5814,4429,127,0.761781905744754,0.021843825249398006
17031750600,1369,139,22,234,122,91,65,41,48,16,111,109,158,76,79,37,21,19498,9.878067175189218,4137,4137,4061,0,0.9816291999033115,0
17031805402,1937,13,75,89,147,153,110,95,85,58,148,186,242,196,239,68,33,30768,10.334230467828561,5045,5045,12,231,0.0023785926660059467,0.04578790882061447
17031805502,1317,37,7,37,30,29,64,35,47,19,49,82,159,97,178,136,311,56244,10.937454647710707,3599,3599,0,53,0,0.014726312864684635
17031805600,1486,33,32,20,21,45,55,14,58,23,50,105,174,182,142,197,335,56882,10.948734225602985,4585,4585,0,138,0,0.03009814612868048
17031805702,617,8,14,0,5,39,0,6,26,12,66,40,228,37,31,26,79,37610,10.535025251464383,1723,1723,0,0,0,0
17031820300,1633,153,165,92,85,86,96,76,35,88,137,206,177,129,35,73,0,20674,9.93663215112843,4506,4506,91,2168,0.020195295162006213,0.48113626276076343
17031820400,1698,126,153,43,108,61,160,121,74,106,166,200,193,132,25,30,0,16377,9.703633190449867,5672,5672,1063,3700,0.18741184767277855,0.652327221438646
17031820502,1516,147,93,92,130,80,56,82,32,70,125,102,250,115,67,53,22,21696,9.984883190740122,4659,4659,328,539,0.0704013736853402,0.11569006224511698
17031820700,2156,76,141,69,157,172,20,109,145,179,152,293,308,134,130,23,48,27460,10.220485679321962,5764,5764,153,2158,0.0265440666204025,0.3743927827897294
17031820800,963,21,24,23,23,42,102,26,26,44,147,142,185,67,43,32,16,21252,9.964206287570834,3208,3208,19,1104,0.0059226932668329174,0.34413965087281795
17031820901,1820,162,137,105,229,45,59,168,150,43,184,199,158,131,0,35,15,17987,9.79740455372797,4974,4974,30,1046,0.006031363088057901,0.21029352633695214
17031820902,1389,63,37,79,115,28,59,54,79,63,150,180,240,105,35,84,18,19620,9.884304733119354,4990,4990,81,1818,0.01623246492985972,0.36432865731462927
17031821102,1185,19,8,75,39,37,55,113,116,56,138,192,184,57,55,41,0,19240,9.864746724219698,4064,4064,0,1002,0,0.24655511811023623
17031821200,2016,129,107,259,105,64,163,85,202,108,120,326,136,129,65,8,10,17241,9.75504554717585,6096,6096,2767,2293,0.4539041994750656,0.3761482939632546
17031821401,1399,233,8,77,131,51,65,151,104,141,54,71,154,79,62,18,0,21463,9.974085801381666,3312,3312,2674,493,0.8073671497584541,0.1488526570048309
17031821402,1257,115,0,21,50,90,32,120,63,47,104,179,240,106,32,49,9,23671,10.07200594918639,3499,3499,3039,163,0.8685338668190912,0.046584738496713345
17031821500,759,103,67,36,86,70,72,36,51,16,55,28,80,41,18,0,0,12752,9.453443401029997,2655,2655,2563,9,0.9653483992467043,0.003389830508474576
17031821600,1606,73,44,74,67,93,71,89,98,75,195,119,215,160,66,118,49,26711,10.192830744564542,4479,4479,1669,597,0.3726278187095334,0.1332886805090422
17031821700,1658,89,120,33,32,28,99,76,53,90,133,215,256,178,87,109,60,27974,10.23903078633925,4586,4586,568,261,0.12385521151330135,0.05691234191016136
17031821900,1784,73,42,160,110,67,66,65,42,44,158,196,217,227,169,96,52,28663,10.263362371409995,4990,4990,859,382,0.1721442885771543,0.07655310621242485
17031822000,1613,132,132,21,109,93,115,68,136,68,184,126,249,95,57,28,0,21443,9.973153530769231,4120,4120,0,527,0,0.1279126213592233
17031822101,1467,87,37,40,65,103,93,35,44,88,65,167,284,170,75,97,17,30485,10.324990038341916,4106,4106,62,713,0.01509985387238188,0.17364831953239163
17031822701,1911,71,279,128,84,69,57,106,72,48,184,120,392,101,124,64,12,30560,10.327447243280456,3916,3916,174,310,0.04443309499489275,0.07916241062308478
17031822702,1444,32,116,54,129,74,36,71,128,96,119,165,157,88,97,72,10,26914,10.200401876301486,3545,3545,177,464,0.04992947813822285,0.1308885754583921
17031822802,1251,35,20,51,42,121,52,30,41,33,174,165,204,73,75,65,70,28626,10.262070674744162,3482,3482,68,308,0.019529006318207927,0.08845491097070649
17031823200,1704,35,57,58,81,82,81,56,99,93,104,189,349,308,75,37,0,23900,10.081633737919603,5050,5050,446,664,0.08831683168316831,0.1314851485148515
17031823303,1548,88,55,42,59,47,162,97,92,45,161,172,231,148,60,78,11,25731,10.155451769658532,4118,4118,279,709,0.06775133559980573,0.17217095677513355
17031823304,2378,183,40,214,103,109,124,114,261,173,185,198,412,161,45,21,35,23261,10.054533417409907,5842,5842,566,1077,0.0968846285518658,0.1843546730571722
17031823400,1649,78,96,102,171,46,51,91,62,87,201,290,163,147,40,24,0,20399,9.923241159022965,4643,4643,1256,1973,0.2705147533922033,0.4249407710531984
17031823500,1486,154,27,59,60,105,107,81,87,87,68,182,232,70,24,143,0,19807,9.893790689557264,4789,4789,747,2647,0.15598245980371686,0.5527249947797035
17031825700,1369,215,48,67,95,34,114,49,89,57,186,186,137,70,18,4,0,16944,9.737669067841187,3973,3973,2534,687,0.6378051849987415,0.17291719103951675
17031825801,1483,191,68,97,99,135,81,144,89,78,72,181,135,65,20,28,0,18883,9.846017325381577,3738,3738,3421,59,0.915195291599786,0.015783841626538255
17031826401,1395,69,102,86,72,59,125,134,110,38,99,96,254,80,27,37,7,17583,9.77468780514454,4510,4510,4215,0,0.934589800443459,0
17031826500,2024,150,100,100,152,50,167,65,105,58,220,360,380,21,38,58,0,18204,9.809396629136533,6237,6237,5757,93,0.923039923039923,0.014911014911014911
