GEOID,total,less_10,between_10-15,between_15-20,between20-25,between_25-30,between_30-35,between_35-40,between_40-45,between_45-50,between_50-60,between_60-75,between_75-100,between_100-125,between_125-150,between_150-200,over_200,capita,ln_capita,population
17031010100,2206,386,240,129,254,96,95,75,13,14,72,352,104,285,38,53,0,24933,10.123947506221135,4388
17031010201,2722,325,243,207,172,219,31,205,114,62,272,280,268,121,76,80,47,23919,10.082428401170604,7032
17031010202,991,117,56,126,114,85,51,64,38,22,66,45,120,52,17,18,0,20438,9.925151192172155,2275
17031010300,2910,340,259,137,168,117,264,334,85,31,227,269,305,83,59,88,144,32129,10.37751432806502,6205
17031010400,1925,210,67,170,141,96,135,204,27,135,152,92,192,140,27,122,15,20880,9.946547041996576,5603
17031010501,2311,382,203,194,289,137,131,87,88,145,155,201,106,57,64,60,12,25217,10.13527364923168,3906
17031010502,1509,149,163,186,103,159,88,49,123,90,97,48,49,59,89,38,19,23685,10.072597215357852,3045
17031010503,1141,413,115,60,56,38,26,47,40,0,91,40,74,0,66,27,48,25093,10.13034420176222,2112
17031010600,3051,240,200,180,185,298,154,148,138,144,294,352,224,182,119,112,81,26848,10.197946609266932,6624
17031010701,1564,98,39,43,115,106,56,48,113,40,173,218,263,69,66,56,61,28429,10.255165029914568,3921
17031010702,2081,225,159,274,181,44,89,170,69,131,137,117,256,101,36,69,23,19010,9.852720435482475,5608
17031020100,1483,197,0,109,43,23,69,108,44,110,208,126,158,137,38,23,90,29170,10.280896062861768,4025
17031020200,2074,247,34,42,184,51,86,24,0,89,80,206,219,273,186,231,122,28515,10.258185543590638,6796
17031020301,1981,221,50,53,61,104,142,60,81,165,94,254,210,193,61,91,141,32563,10.390931953464207,5297
17031020302,1760,95,67,107,86,25,70,39,115,42,118,161,190,250,144,121,130,34348,10.444299071792376,4940
17031020400,1723,90,90,45,114,73,85,107,25,106,93,136,295,175,103,100,86,29528,10.293094244709835,4624
17031020500,2055,263,108,100,201,103,135,149,280,90,186,113,148,61,22,96,0,17097,9.74665828850311,5927
17031020601,1973,251,15,161,14,141,217,155,203,67,127,106,61,62,150,123,120,21650,9.982760733430636,6380
17031020602,1352,127,59,103,99,100,51,48,83,96,134,129,88,89,57,43,46,19617,9.884151816229386,4378
17031020701,589,42,0,14,18,16,19,20,31,35,32,62,55,75,55,56,59,34608,10.45184014819284,1692
17031020702,2260,207,86,183,153,88,78,119,149,14,242,297,287,248,58,19,32,18081,9.802616942151154,7795
17031020801,2011,105,13,143,129,147,112,130,108,73,138,198,239,232,65,101,78,28449,10.255868289551836,5084
17031020802,2172,147,155,238,102,161,7,55,164,88,81,121,357,192,108,103,93,21942,9.996157887377436,7436
17031020901,1795,117,83,104,107,191,165,118,176,66,148,136,185,110,43,46,0,18082,9.802672247297311,5203
17031020902,1554,175,103,202,118,67,78,99,91,75,115,124,160,67,48,25,7,18628,9.832421104102268,4146
17031030101,2067,149,192,84,34,129,122,121,169,45,401,141,270,73,0,86,51,33605,10.422430144404066,3547
17031030102,1811,148,96,107,146,184,49,86,141,57,221,149,161,144,45,50,27,37640,10.535822593699315,2914
17031030103,1007,97,116,79,65,27,74,73,33,16,120,67,43,68,74,22,33,25249,10.136541829958853,2313
17031030104,1112,183,92,45,20,64,48,121,50,22,44,163,112,65,46,37,0,22219,10.008703057680439,3484
17031030200,2471,206,67,181,81,132,90,111,121,68,110,208,348,263,122,156,207,42434,10.655705206673062,5251
17031030300,1420,158,121,125,96,92,103,98,29,62,66,133,158,35,60,30,54,25139,10.132175704105688,3174
17031030400,1277,208,51,97,54,74,87,23,54,42,113,63,169,53,40,94,55,32403,10.386006290086584,2584
17031030500,2855,77,144,89,39,51,49,78,166,186,285,327,334,295,229,272,234,45422,10.723751848155539,6468
17031030601,2021,243,79,176,188,128,94,148,108,22,119,185,232,147,62,76,14,27469,10.220813375077594,4001
17031030603,1232,240,109,113,74,92,101,66,135,44,84,33,22,36,16,41,26,28485,10.257132911914496,1954
17031030604,1906,329,184,163,180,169,84,55,85,14,97,182,134,86,40,68,36,31014,10.342193994424095,2973
17031030701,915,98,60,72,109,56,70,19,65,45,91,56,105,54,5,10,0,25629,10.151479801819729,1654
17031030702,997,73,42,22,21,35,90,57,62,75,52,94,124,87,43,75,45,53290,10.883503975290829,1572
17031030703,1694,267,99,160,62,96,50,51,145,59,141,155,120,129,9,57,94,37466,10.531189134021004,2727
17031030706,2451,436,143,210,169,127,131,142,77,0,178,299,202,83,71,102,81,37983,10.544893970188363,3590
17031030800,1960,137,25,40,115,80,54,37,55,75,178,193,275,227,151,123,195,55853,10.930478518363595,4184
17031030900,1471,15,67,56,0,57,49,56,62,66,83,189,224,129,130,131,157,49388,10.807462758687635,3040
17031031000,1923,46,25,80,66,114,44,90,85,69,194,208,256,197,129,137,183,47740,10.773524899892822,3987
17031031100,2282,179,98,82,105,114,116,116,85,104,174,121,299,271,138,127,153,43703,10.68517202861297,4377
17031031200,2748,781,268,164,94,83,44,118,147,45,131,127,307,101,96,80,162,28271,10.249591823249144,5756
17031031300,4081,628,286,180,326,337,218,202,169,168,322,372,407,178,41,141,106,29674,10.298026520510739,7800
17031031400,3065,165,25,203,184,37,127,44,67,155,339,300,459,413,226,188,133,51857,10.856245209366943,5068
17031031501,1744,449,123,219,97,83,78,52,16,46,96,109,145,126,16,57,32,20872,9.946163826816564,4118
17031031502,2195,528,254,162,218,138,160,41,92,0,168,145,62,78,44,42,63,22797,10.034384227337895,4052
17031031700,3444,654,180,196,209,114,152,66,195,38,151,329,305,298,159,166,232,37941,10.543787600548086,6925
17031031800,929,39,28,62,57,61,48,36,31,50,71,66,123,61,58,79,59,43085,10.670930187673868,1770
17031031900,1244,75,63,61,37,53,41,71,88,21,96,124,189,78,74,68,105,50029,10.820358116275292,2327
17031032100,3850,638,199,221,274,110,150,66,241,153,141,333,385,228,142,130,439,47828,10.775366521039471,6685
17031040100,1663,85,38,59,75,67,66,21,80,56,144,192,251,139,74,158,158,38938,10.569725916538856,3996
17031040201,2910,113,61,108,198,118,208,227,102,99,153,332,426,274,201,131,159,34220,10.440565547446184,6703
17031040202,2920,400,333,177,185,165,125,103,120,165,161,258,211,192,176,114,35,23761,10.075800860133013,7188
17031040300,1078,52,60,10,49,52,14,28,53,10,35,57,150,143,62,199,104,43329,10.676577435769277,2939
17031040401,1315,10,46,30,71,91,53,10,18,107,34,131,232,158,88,69,167,43100,10.671278276091838,3179
17031040402,2555,78,10,132,48,56,100,198,90,190,100,316,310,131,187,284,325,64730,11.077980051539555,4969
17031040600,1147,55,70,8,71,21,0,42,39,39,88,81,241,133,71,68,120,47284,10.763927250870267,2560
17031040700,1532,71,43,54,45,54,73,19,56,64,140,198,217,148,110,82,158,45542,10.72639025608861,3393
17031040800,797,30,12,30,7,28,25,30,16,38,100,78,100,134,32,77,60,43894,10.689532915462804,1838
17031040900,1048,32,17,70,43,52,15,78,50,48,90,48,137,48,103,32,185,62157,11.037418721328592,2153
17031050100,1148,50,20,39,45,21,29,24,50,40,47,142,209,148,63,126,95,52620,10.870851554594283,2584
17031050200,2284,119,12,112,126,50,77,161,80,54,54,348,236,232,117,100,406,53136,10.880609943616529,4953
17031050300,1107,39,23,16,21,29,45,28,61,61,82,98,160,162,36,147,99,44327,10.69934925118787,2633
17031050500,2231,61,0,44,44,16,66,14,71,46,118,169,406,142,278,222,534,59541,10.994420429860368,6129
17031050600,1069,21,29,0,33,9,8,21,44,46,73,79,189,145,64,116,192,66459,11.104340495150785,2164
17031050700,694,23,0,6,5,6,28,5,16,0,41,99,80,68,82,95,140,66420,11.103753494930737,1610
17031050800,574,10,14,0,4,26,0,0,4,48,37,46,72,68,48,66,131,61516,11.027052582559815,1436
17031050900,592,21,4,23,4,15,0,18,35,9,63,95,43,82,57,28,95,47588,10.770335907596417,1452
17031051000,730,47,6,0,13,15,5,27,5,3,46,66,116,90,26,100,165,59421,10.992402978225373,1708
17031051100,631,13,20,32,9,13,36,8,17,6,37,58,53,43,56,68,162,60205,11.00551068432632,1516
17031051200,624,10,3,4,10,23,0,32,18,0,32,25,122,67,39,83,156,73632,11.206834992835093,1699
17031051300,1117,0,0,21,26,0,29,0,10,0,27,59,134,169,74,210,358,88265,11.388098932023384,2691
17031051400,773,16,52,44,13,12,15,13,30,40,50,41,92,87,55,65,148,61731,11.03054151483554,1852
17031060100,1185,27,9,8,6,9,25,54,17,51,81,143,149,97,56,97,356,71392,11.17594109723226,2708
17031060200,1125,33,86,45,54,50,30,43,17,10,69,171,203,121,46,38,109,55439,10.92303859618307,2255
17031060300,1333,7,10,34,11,28,57,24,31,30,36,173,160,165,139,170,258,70701,11.166214996056205,3259
17031060400,1542,41,26,7,0,39,17,28,29,18,91,117,202,206,85,251,385,70261,11.159972158567948,3971
17031060500,737,136,97,41,64,21,20,24,27,26,32,29,51,18,21,38,92,46934,10.756497638482541,1264
17031060800,2984,136,94,30,67,68,67,156,148,107,186,265,533,534,199,172,222,64784,11.078813938271942,5042
17031060900,4582,250,216,169,231,155,262,143,278,103,617,433,622,440,222,108,333,51026,10.84009058572216,7062
17031061000,886,37,11,4,23,0,16,25,32,23,59,62,119,128,51,127,169,65326,11.087145398346655,1878
17031061100,658,10,4,5,0,9,13,26,16,39,34,79,114,79,31,95,104,57939,10.96714601194071,1508
17031061200,846,41,11,23,28,25,4,9,20,9,72,49,120,104,85,134,112,59049,10.986122886681096,2061
17031061500,773,18,16,13,7,4,11,16,14,5,77,62,89,112,89,85,155,66438,11.104024460926164,1820
17031061800,722,72,32,9,46,15,38,32,48,11,61,45,155,97,34,17,10,39985,10.59625966276599,1216
17031061901,2390,207,73,83,14,48,129,158,229,121,121,247,282,256,130,62,230,55609,10.926100337642655,3810
17031061902,2774,203,106,116,67,133,83,92,155,129,327,225,212,228,179,253,266,66986,11.112238921315038,4327
17031062000,1544,52,71,35,7,37,68,31,69,86,64,256,138,229,76,134,191,54511,10.906157795147806,2942
17031062100,1796,226,81,6,75,55,23,34,32,8,120,200,176,193,125,152,290,61037,11.019235516650925,3671
17031062200,1303,39,30,9,17,13,31,24,46,65,86,82,126,150,134,138,313,68308,11.13178216900713,2878
17031062300,697,6,0,0,15,10,4,25,5,0,49,28,72,107,70,78,228,93487,11.445577668177023,1682
17031062400,703,19,20,55,27,0,7,4,5,10,44,39,39,73,80,50,231,81053,11.302858540667586,1486
17031062500,716,23,9,12,10,4,12,16,11,32,56,38,108,61,54,68,202,85058,11.35108865571671,1531
17031062600,937,5,8,23,22,4,22,14,12,16,76,135,76,77,59,85,303,79263,11.28052671614168,2247
17031062700,1155,39,41,36,25,25,35,7,8,8,33,101,113,148,47,165,324,69144,11.143946565432474,2880
17031062800,1491,39,11,18,65,6,0,0,29,12,6,42,200,151,211,177,524,80289,11.293387904250002,3760
17031062900,1883,70,39,14,36,6,35,32,45,23,161,131,193,207,238,245,408,82959,11.326101788828831,3920
17031063000,1679,78,7,40,69,52,43,67,64,57,127,118,222,191,94,208,242,63463,11.058212337893119,3302
17031063100,1295,77,31,0,0,18,55,62,17,17,88,190,189,132,142,118,159,66099,11.098908897132299,2374
17031063200,4191,429,45,49,81,297,76,158,224,164,388,366,450,695,189,213,367,64491,11.074280958164245,7124
17031063301,1780,338,97,95,89,46,45,68,131,42,115,164,176,123,75,104,72,44519,10.703671343322297,2596
17031063302,2883,162,87,91,52,11,106,63,146,94,341,366,516,389,92,175,192,58310,10.973528884216202,4336
17031063303,961,47,18,35,25,24,40,50,28,35,81,86,106,160,82,57,87,76118,11.240040046761179,1292
17031063400,1191,76,19,23,48,9,47,20,54,20,108,82,287,92,126,53,127,62431,11.041817225867597,2060
17031070101,2641,221,114,85,31,78,103,92,114,67,174,336,257,376,98,270,225,71114,11.172039502174462,3671
17031070102,1876,150,36,58,69,113,77,60,103,76,162,184,192,152,133,95,216,68480,11.134297010815624,2779
17031070103,1152,141,36,27,64,37,38,73,75,26,208,178,119,54,17,26,33,43758,10.686429732212288,1562
17031070200,1978,140,133,40,27,51,35,81,35,23,72,227,262,253,137,164,298,59531,10.99425246425933,3985
17031070300,1649,206,6,12,0,41,41,34,11,15,129,117,164,162,157,234,320,61524,11.0271826215717,3490
17031070400,1603,205,106,79,69,34,56,0,45,21,57,71,98,176,95,116,375,72186,11.187001400261579,3400
17031491300,586,102,93,52,31,40,33,34,23,24,40,71,23,13,0,7,0,9454,9.154193211353181,2338
17031491400,1105,183,111,130,80,120,48,100,72,21,34,66,65,64,11,0,0,13362,9.500170136485423,3155
17031500100,1454,164,246,54,52,94,78,45,127,120,81,105,161,86,21,20,0,22153,10.005728206482676,3073
17031500200,787,172,54,31,56,63,27,39,49,10,32,90,91,52,9,12,0,17320,9.759617182116425,2131
17031500300,726,88,38,79,52,40,34,58,75,53,22,40,49,54,23,8,13,26854,10.198170064632654,1416
17031510100,981,144,108,55,56,51,118,44,39,15,67,140,42,83,0,19,0,15594,9.654641503869545,2918
17031510200,1044,105,53,65,42,7,73,120,77,68,121,121,132,24,9,9,18,22297,10.012207419250371,2413
17031510300,1892,289,152,161,158,127,81,148,115,74,151,181,143,56,47,9,0,14559,9.585964638073326,5761
17031520100,588,61,26,52,70,65,30,38,15,27,60,47,28,44,20,5,0,12899,9.464905067965136,2181
17031520200,1012,105,51,105,36,126,76,110,61,30,86,83,69,43,31,0,0,13207,9.488502271043805,3510
17031520300,1702,133,134,175,110,63,170,82,111,40,181,163,249,56,18,9,8,15252,9.632465920977454,5835
17031520400,1234,78,26,76,38,141,104,17,63,64,89,96,246,99,15,35,47,21292,9.966086694292647,4000
17031520500,1500,79,47,96,60,82,70,81,50,55,75,128,245,182,114,67,69,26683,10.191781937486343,4638
17031520600,800,51,61,76,42,16,50,100,59,36,83,58,111,23,25,9,0,14636,9.591239526139097,2849
17031530100,755,109,85,87,106,13,28,40,15,22,49,91,87,11,12,0,0,14056,9.550804629866933,2223
17031530200,1362,180,175,133,159,93,92,59,7,93,95,80,91,56,33,16,0,13229,9.49016666846238,4429
17031530300,1425,94,141,71,129,52,136,80,41,16,128,191,146,101,26,73,0,19641,9.8853744971092,4168
17031530400,721,60,11,42,36,58,27,51,62,8,35,66,129,74,21,7,34,25080,10.129825994746858,2004
17031530501,1632,291,49,72,163,112,65,66,97,113,170,119,146,48,39,33,49,17189,9.752024923328158,4966
17031530502,519,80,35,58,25,19,19,17,20,9,54,80,63,30,3,7,0,16976,9.739555860853764,1510
17031530503,1782,303,37,254,118,43,134,84,101,83,91,98,159,120,73,77,7,16911,9.735719576749684,5650
17031530600,988,154,89,185,53,34,47,48,124,15,24,80,39,66,18,12,0,15847,9.670735486942808,2622
17031540101,1241,449,188,124,27,145,32,59,58,41,43,28,39,8,0,0,0,6971,8.849513965486398,3943
17031540102,1168,464,152,104,130,116,29,36,32,0,15,28,22,32,0,0,8,9879,9.198166571044474,3439
17031550100,2513,377,152,143,53,190,63,51,89,56,175,254,263,358,60,182,47,28835,10.269345206049513,6306
17031550200,1062,0,82,100,21,36,64,36,66,8,64,69,294,120,0,102,0,27806,10.233007103729488,2845
17031560100,328,24,13,0,24,0,10,3,14,24,51,39,87,28,0,10,1,16832,9.731037115537436,1477
17031560200,499,21,70,15,37,18,25,35,17,27,50,111,18,27,7,17,4,19045,9.854559878912704,1524
17031560300,938,47,51,20,42,32,93,47,59,68,102,63,144,53,22,54,41,20643,9.935131557870589,3332
17031560400,451,18,34,8,28,6,35,29,43,19,75,38,76,18,17,7,0,15333,9.63776264743639,1697
17031560700,1164,77,46,76,35,76,45,84,66,55,77,160,117,132,71,34,13,22766,10.033023473885162,3500
17031560800,2138,44,82,94,141,230,111,53,119,31,117,347,117,310,91,128,123,27035,10.204887601816106,6039
17031560900,1861,50,33,78,83,24,24,68,66,97,174,203,257,201,140,234,129,36110,10.494325114271504,5141
17031561000,2124,41,185,69,55,45,134,50,66,88,83,186,196,306,266,267,87,36829,10.514040857292054,5406
17031561100,1910,48,58,83,106,130,48,46,66,56,154,121,368,231,205,150,40,28670,10.263606558877415,5639
17031570100,401,43,18,17,24,7,19,13,22,0,66,69,31,22,20,27,3,20206,9.913734868987678,1296
17031570200,588,33,26,17,32,64,46,27,16,11,51,32,83,75,41,7,27,23595,10.068790104160488,1892
17031570300,1668,125,55,112,168,73,83,117,109,60,155,193,178,128,62,50,0,16260,9.696463383101802,5995
17031570400,520,14,19,18,45,27,84,33,42,29,44,63,41,47,0,14,0,16355,9.702288939972485,1770
17031570500,735,42,36,49,54,27,83,66,54,39,90,25,51,60,39,20,0,17820,9.788076701024801,2306
17031580100,839,41,98,55,54,51,60,55,106,62,21,73,108,17,27,1,10,14421,9.57644075656207,2966
17031580200,864,74,58,67,43,59,69,64,47,42,83,93,88,55,9,9,4,13024,9.474549088242322,3450
17031580300,682,71,54,21,66,53,37,28,72,43,59,67,39,19,53,0,0,14607,9.589256144850811,2352
17031580400,1462,135,129,82,115,116,110,112,107,93,153,101,50,70,9,71,9,16860,9.732699231555847,4210
17031580501,1412,82,98,51,105,113,84,161,139,70,121,173,102,50,48,15,0,14316,9.569133071885917,5090
17031580502,1347,80,0,198,114,111,53,79,101,39,98,65,125,121,57,35,71,18743,9.838575628358985,5404
17031580600,1431,80,27,88,100,167,79,117,74,5,162,181,177,25,67,19,63,18995,9.851931065621725,5289
17031070500,1313,94,66,23,12,23,70,7,45,26,46,65,80,83,66,87,520,104371,11.555707138065504,3183
17031070600,1312,15,0,0,62,10,19,0,0,31,52,80,153,102,168,175,445,67758,11.123697812951725,3366
17031070700,1757,165,55,32,48,25,71,27,41,9,25,115,165,170,138,272,399,71793,11.181542257247349,4342
17031071000,985,27,26,24,29,7,19,10,17,8,82,59,114,188,103,75,197,40781,10.615971565652215,4079
17031071100,1041,85,17,11,32,19,31,13,8,21,45,108,125,91,61,111,263,65128,11.084109843253813,2898
17031071200,1007,82,105,48,18,9,14,35,0,30,35,39,123,155,23,98,193,67890,11.125644027295692,1993
17031071300,1827,116,45,24,49,48,72,8,22,15,157,100,240,170,147,169,445,98012,11.492845199136037,3809
17031071400,2827,167,144,154,66,44,27,42,188,104,229,309,316,221,251,214,351,66703,11.108005208403501,4703
17031071500,3823,144,58,86,28,13,70,93,154,183,148,531,621,404,355,451,484,77023,11.25185935753217,5977
17031071600,711,64,27,32,14,0,17,10,4,6,6,29,86,49,34,64,269,96742,11.479802920134741,1712
17031071700,741,6,5,9,5,14,14,0,11,0,39,52,86,81,50,109,260,87093,11.374731792217162,1780
17031071800,1093,74,25,16,14,11,34,0,6,10,33,42,105,122,111,171,319,77032,11.25197619892012,2841
17031080100,4273,285,0,80,75,31,81,82,69,125,326,353,598,477,136,415,1140,120778,11.701709428691837,6823
17031080201,2236,52,26,62,37,128,27,135,68,54,211,419,270,256,138,128,225,70040,11.156821786399789,3246
17031080202,2312,125,42,93,29,0,82,87,129,70,235,214,199,253,124,198,432,99826,11.511183949411926,3661
17031080300,2696,164,29,21,23,27,110,58,43,29,59,162,404,439,210,282,636,96656,11.478913562378523,4748
17031080400,1922,644,81,128,102,59,15,0,46,7,13,31,85,33,88,307,283,47483,10.768127031226284,4074
17031081000,4636,925,198,248,418,25,207,179,142,137,342,306,686,365,245,67,146,40032,10.597434413266638,7380
17031081100,2702,527,231,60,65,63,128,56,53,58,148,221,246,275,122,202,247,69619,11.150792797573676,3744
17031081201,2912,99,145,94,47,32,41,59,111,60,273,231,562,187,195,248,528,106436,11.57529914452829,4381
17031081202,1832,33,27,25,32,26,128,55,50,42,103,153,226,171,99,174,488,113365,11.638367980660743,3009
17031081300,3256,197,117,60,154,39,67,106,65,21,189,333,385,291,182,268,782,126402,11.747222583354525,5161
17031081401,1466,110,75,113,100,18,40,40,44,12,121,72,107,103,139,25,347,80619,11.29748963272422,2251
17031081402,2882,170,50,37,35,115,75,103,81,114,208,271,122,141,244,410,706,100032,11.51324541378115,4742
17031081403,5128,371,79,153,27,119,130,45,129,47,300,420,654,698,191,699,1066,104220,11.554259328463205,7544
17031081500,3144,337,68,124,37,79,18,0,20,74,255,296,281,193,260,277,825,106583,11.576679303324774,5015
17031081600,2456,274,25,50,10,31,55,65,32,0,182,352,256,170,229,208,517,90336,11.411291331053215,3816
17031081700,2455,209,15,73,25,37,59,53,90,68,118,267,348,224,157,271,441,94832,11.45986218402762,3338
17031081800,5463,206,65,97,77,21,0,81,124,77,352,509,859,797,432,430,1336,93854,11.449495662310445,8265
17031081900,472,58,29,24,12,5,0,0,0,8,17,9,24,32,27,39,188,102136,11.534060537500187,1007
17031090100,1307,19,18,50,42,53,26,47,30,27,112,139,201,88,119,170,166,46326,10.74345863753687,3293
17031090200,2712,70,33,60,45,72,126,177,160,16,79,188,455,214,162,464,391,50523,10.830183957124165,6556
17031090300,512,21,22,0,41,11,10,13,45,9,22,32,95,60,33,44,54,40490,10.608810309026207,1301
17031100100,2115,209,117,53,48,54,105,51,86,69,186,283,352,118,63,193,128,32751,10.396688774948379,5095
17031100200,2712,134,144,154,57,99,30,104,136,110,160,298,369,323,216,238,140,36122,10.494657376983609,6548
17031100300,2565,298,110,161,136,81,79,116,15,66,162,158,369,269,270,170,105,35190,10.46851723031563,5943
17031100400,1226,101,30,33,34,43,26,8,47,25,74,119,204,202,69,104,107,38470,10.557633995746341,3061
17031100500,2131,112,40,66,56,64,26,56,170,39,196,131,237,282,165,267,224,40849,10.617637620184352,5611
17031100600,1914,38,60,88,66,102,45,81,118,104,125,231,197,282,135,158,84,35117,10.466440622688136,5030
17031100700,1793,90,44,74,74,101,44,38,18,83,181,201,257,226,95,168,99,34397,10.445724630256212,4714
17031110100,2097,137,71,183,197,81,138,53,31,49,208,57,229,166,142,102,253,40159,10.600601853657185,5248
17031110200,1191,40,59,94,37,50,74,55,0,27,88,33,290,202,35,33,74,31040,10.343031974297155,3057
17031110300,1931,54,71,135,99,9,105,90,91,21,154,204,250,144,230,198,76,33183,10.409792975570364,5241
17031110400,1833,69,67,104,120,85,63,56,80,34,89,281,256,275,38,132,84,34276,10.442200679789009,4442
17031110501,1776,27,84,33,50,59,43,67,102,39,118,243,270,210,197,140,94,31296,10.351245572834545,5232
17031110502,1438,96,48,44,72,124,93,58,68,109,163,100,109,195,63,61,35,28523,10.258466058337035,3535
17031120100,1406,48,18,10,49,41,0,7,70,14,149,51,172,100,152,314,211,52563,10.869767729155198,3820
17031120200,1692,17,69,29,42,25,52,16,34,60,71,204,145,255,140,232,301,48503,10.789380930682695,4613
17031120300,2334,111,56,17,17,46,70,77,111,17,17,135,231,362,237,279,551,49271,10.805090951658405,6600
17031120400,1237,60,73,9,75,39,59,67,15,35,67,57,206,126,108,147,94,32213,10.380125376764875,3598
17031130100,1950,292,153,337,26,92,117,61,55,111,106,79,115,68,68,105,165,24437,10.10385365616035,5510
17031130200,659,25,11,10,48,5,21,0,24,16,68,72,143,54,16,67,79,41012,10.621619985789982,1664
17031130300,1740,108,20,70,88,71,40,35,120,112,144,183,304,167,109,101,68,25395,10.142307583235345,5496
17031140100,1134,132,33,87,149,78,50,100,49,49,125,106,95,35,9,25,12,15256,9.632728147280256,3558
17031140200,1662,288,59,31,114,97,74,85,139,72,155,88,185,87,34,64,90,20253,9.91605820970998,6138
17031140301,726,99,48,39,22,40,15,59,38,24,74,65,68,68,20,18,29,17173,9.751093661983862,2779
17031140302,1299,37,6,65,90,122,88,40,22,85,77,170,115,193,132,24,33,24607,10.1107862342885,4152
17031140400,2292,123,14,61,205,99,25,186,100,75,157,194,353,215,192,187,106,28241,10.248530101745105,7056
17031140500,1275,37,46,50,48,66,110,109,9,44,152,105,177,85,107,50,80,24334,10.099629828347394,4366
17031140601,876,116,29,35,40,31,63,39,49,59,95,70,105,76,42,13,14,19534,9.879911816007422,2757
17031140602,1602,139,61,86,103,85,7,118,83,112,97,183,250,126,28,92,32,21196,9.961567763612653,5360
17031140701,966,28,28,58,64,75,43,55,55,20,54,126,145,76,59,68,12,25716,10.154868645261578,2733
17031140702,2005,87,143,119,126,124,102,73,58,95,192,214,212,135,110,107,108,25006,10.126871075054945,6090
17031140800,2574,110,130,141,101,25,152,50,66,47,159,309,386,316,114,219,249,39998,10.596584731846031,6586
17031150200,3108,300,158,88,132,105,178,158,104,69,194,275,475,445,113,176,138,30523,10.326235776766852,7767
17031150300,2954,176,60,113,156,89,94,90,89,217,175,314,475,328,186,299,93,31027,10.342613072136906,8095
17031150401,1831,86,78,88,174,15,86,75,77,24,189,212,227,178,61,150,111,30038,10.310218525765526,4999
17031150402,1212,75,17,69,8,26,108,89,115,0,119,139,122,153,34,91,47,26195,10.17332383184232,3527
17031150501,1444,7,68,95,50,60,22,38,62,85,177,168,211,145,53,156,47,30240,10.31692083029347,4243
17031150502,1509,151,55,45,77,70,104,39,96,90,172,135,226,45,64,52,88,26959,10.202072472350189,4270
17031150600,1308,80,53,34,43,17,93,93,60,95,140,143,133,139,60,99,26,26459,10.183351644059842,4064
17031150700,1477,52,41,40,88,123,58,24,44,51,138,198,242,76,98,92,112,29509,10.292450580544786,4357
17031150800,1737,74,96,64,66,101,151,150,112,33,110,164,232,143,119,87,35,24675,10.113545864301683,5020
17031151001,886,144,70,54,64,37,21,29,0,55,38,123,109,36,37,44,25,23138,10.049231566588833,2358
17031151002,1538,74,126,17,80,61,97,158,121,53,107,275,118,113,73,39,26,22124,10.004418271114568,4438
17031151100,1714,117,65,77,136,64,178,120,5,49,256,139,221,135,47,49,56,20918,9.948365311314214,5486
17031151200,1238,56,78,147,60,55,48,85,24,81,24,123,175,87,63,101,31,24436,10.103812733769658,3574
17031160100,927,58,32,12,49,32,29,35,9,93,132,118,123,112,34,26,33,26594,10.188440905416652,2556
17031160200,1239,66,55,52,44,24,49,71,79,28,75,56,169,127,65,133,146,38743,10.5647053733019,3127
17031160300,1888,224,70,102,48,90,69,163,123,103,219,223,167,91,21,147,28,29792,10.301995180076794,3969
17031160400,1854,120,39,92,123,143,108,138,133,125,181,180,161,102,59,108,42,24479,10.10557088611869,4819
17031160501,1276,76,38,56,56,79,117,68,74,49,128,148,164,91,25,85,22,20525,9.929398934320629,4306
17031160502,1302,72,61,58,49,52,38,92,61,83,141,104,236,128,50,29,48,22565,10.024155312261101,4023
17031160601,1374,67,69,37,53,31,44,81,28,114,151,110,276,64,91,64,94,27204,10.211119300295529,4263
17031160602,1509,62,57,50,103,148,109,62,85,63,95,182,160,165,20,97,51,27737,10.230522540940477,3909
17031160700,2199,77,25,118,132,74,145,158,100,72,79,139,280,218,281,171,130,32264,10.381707336553204,6161
17031160800,1963,71,50,68,128,57,169,130,45,89,234,168,284,153,134,81,102,29835,10.303437479956182,5275
17031160900,1054,42,20,26,40,39,131,58,27,21,97,28,162,146,33,104,80,38362,10.554822665281634,2492
17031161000,807,60,11,30,28,53,16,64,60,23,22,77,104,63,46,51,99,38531,10.559218391085642,1932
17031161100,734,0,0,25,13,14,25,22,16,0,56,79,120,101,48,114,101,58051,10.969077213506518,1820
17031161200,913,43,34,48,74,31,59,26,15,26,146,82,125,69,52,26,57,24031,10.087099942513005,2948
17031161300,1389,91,51,56,81,125,148,134,96,86,169,113,88,53,47,46,5,19846,9.895757754474186,3817
17031170100,969,119,93,47,112,65,20,45,35,48,49,68,114,48,60,27,19,30237,10.316821619022988,1894
17031170200,1235,44,18,24,82,84,0,14,110,58,149,131,169,121,112,43,76,26029,10.166966580039741,4023
17031170300,1785,135,40,67,38,93,195,66,51,129,116,77,252,218,173,115,20,25633,10.151635862839903,5203
17031170400,1472,114,24,130,52,114,44,68,95,16,125,152,345,68,104,5,16,26391,10.180778321920783,3867
17031170500,1948,53,40,41,62,103,37,87,140,95,67,211,375,300,143,153,41,31124,10.345734504736821,5316
17031170600,968,43,33,50,71,29,62,48,24,31,44,96,184,94,50,96,13,27119,10.207989868218158,2737
17031170700,1104,60,36,43,78,16,21,81,33,50,108,115,213,95,48,83,24,27234,10.21222147168452,3043
17031170800,1410,99,50,138,41,93,71,49,25,46,91,200,204,145,49,57,52,26402,10.181195043840704,3860
17031170900,644,55,30,43,27,54,14,8,18,47,25,36,97,106,32,52,0,26546,10.186634356186147,1711
17031171000,2721,47,73,195,194,12,263,186,226,49,170,321,355,214,189,138,89,26815,10.196716711417025,7943
17031171100,1280,25,40,81,28,74,18,40,50,62,132,150,155,180,105,96,44,28763,10.266845117938724,3847
17031180100,2032,157,15,70,58,260,65,115,87,71,139,173,271,301,90,24,136,31555,10.35948733401834,5621
17031190100,790,31,82,80,131,53,39,79,19,26,74,50,46,37,23,20,0,14644,9.591785974240127,2593
17031190200,1513,95,85,129,83,91,96,50,75,43,204,126,140,102,147,17,30,17518,9.770984202723035,5502
17031190300,1778,132,172,80,138,125,90,66,100,53,189,222,162,84,78,72,15,20456,9.926031516971022,5100
17031190401,1187,107,21,45,55,50,135,51,61,40,115,152,105,132,49,58,11,20959,9.95032342737316,3917
17031190402,1547,83,36,51,147,86,156,98,117,83,55,139,186,138,86,36,50,21488,9.97524991876302,5022
17031190601,1146,68,92,63,35,33,92,122,62,17,107,97,119,81,64,31,63,17990,9.79757132694458,4778
17031190602,1392,37,47,35,74,70,44,88,136,62,148,181,204,135,40,65,26,19473,9.876784169701578,5678
17031190701,773,17,102,53,74,47,40,44,48,35,71,59,72,44,22,35,10,16423,9.70643807033756,2785
17031190702,1376,106,84,96,72,118,89,48,118,67,161,193,54,55,99,16,0,15145,9.625425723461337,5006
17031190800,2052,141,127,96,225,193,102,147,74,85,225,150,207,201,35,34,10,16261,9.696524881825722,6948
17031190900,650,39,123,23,17,34,75,50,6,13,39,93,60,63,4,11,0,17613,9.776392544732296,1994
17031191000,724,37,55,14,29,45,82,55,47,25,109,41,103,52,11,14,5,15714,9.662307313735766,2649
17031191100,1993,93,134,91,201,140,117,73,85,119,315,313,197,49,25,41,0,14172,9.559023465985362,7705
17031191200,957,43,47,84,104,68,82,51,74,55,101,118,81,16,28,5,0,12150,9.405084448768694,3854
17031191301,1450,49,119,91,66,45,101,142,104,81,142,110,152,180,23,21,24,15464,9.646270020888167,5868
17031191302,1463,36,87,93,129,123,107,183,109,38,134,133,119,111,8,24,29,15367,9.639977632055333,5197
17031200100,1361,89,93,107,47,128,84,88,41,93,113,51,112,156,87,60,12,19239,9.864694747816973,4625
17031200200,1518,166,129,85,85,191,29,92,110,35,139,125,178,110,26,8,10,16449,9.708019964072157,4866
17031200300,604,49,44,37,42,58,54,37,39,24,29,57,76,24,13,18,3,15245,9.632006859422356,2136
17031200401,1031,61,70,87,132,86,44,95,24,54,100,36,182,21,15,11,13,14550,9.585346272599638,3722
17031200402,1110,100,49,118,46,34,128,22,26,65,85,115,168,64,10,8,72,17592,9.775199532234597,4186
17031210100,1368,53,124,37,56,120,48,139,38,42,95,177,184,100,47,33,75,26682,10.191744459738752,3480
17031210400,940,64,49,93,47,81,32,95,39,36,77,85,88,57,38,55,4,21014,9.95294416124872,2682
17031210501,1348,111,96,62,69,91,88,73,111,97,67,151,150,39,61,41,41,19938,9.90038273758265,3972
17031210502,1420,84,124,92,148,117,58,110,55,141,132,124,117,48,3,67,0,15596,9.6547697501024885,4686
17031210601,874,71,16,28,47,35,29,43,14,70,78,183,107,86,11,24,32,23325,10.057281025715545,2686
17031210602,1573,134,93,44,172,70,75,81,52,71,121,125,193,79,104,99,60,27752,10.231063188649586,3997
17031210700,1606,119,116,76,60,133,69,94,104,82,147,133,140,90,91,105,47,25686,10.153701375373002,4282
17031210800,384,0,10,6,13,12,39,22,23,19,58,33,17,38,28,24,42,35405,10.474608332085875,1165
17031210900,1225,20,91,170,76,85,45,31,103,6,61,122,92,113,31,80,99,31540,10.359011860517029,3067
17031220300,931,23,44,22,43,28,18,25,50,20,65,94,135,128,52,70,114,42894,10.666487234994907,2306
17031220400,1070,80,41,0,12,12,8,73,29,98,54,98,214,171,35,73,72,38347,10.554431576877635,2564
17031220500,1222,18,27,13,57,82,13,61,28,63,95,172,196,107,85,115,90,42104,10.647898027033614,2771
17031220601,708,67,64,12,22,38,40,25,57,27,41,73,83,69,29,38,23,26476,10.183993941238814,1917
17031220602,2315,233,163,41,218,100,124,159,143,46,214,88,145,337,142,74,88,31210,10.348493835264826,5163
17031220701,1074,107,0,52,54,53,38,68,28,34,122,119,178,58,59,78,26,23968,10.084474886316945,3403
17031220702,1287,27,96,103,31,70,65,53,72,71,119,207,224,61,49,15,24,20859,9.945540788767127,3948
17031220901,978,139,89,121,68,48,32,7,132,58,33,54,82,64,41,0,10,15634,9.657203308780275,3064
17031220902,935,65,50,122,47,55,64,45,39,23,67,94,128,50,34,40,12,21009,9.952706196323627,2954
17031221000,953,89,42,37,125,69,124,39,7,46,45,110,50,92,34,24,20,18209,9.809671256331843,3008
17031221100,1950,192,154,113,186,35,23,151,117,54,100,208,298,110,96,85,28,23258,10.05440443785299,5259
17031221200,1230,28,53,62,42,69,0,130,39,19,107,111,177,126,109,84,74,40378,10.60604036117017,3069
17031221300,1251,101,47,38,151,61,49,52,14,62,81,112,173,126,89,38,57,37224,10.524708993524484,2573
17031221400,1260,61,54,66,13,129,41,19,36,36,87,198,186,96,133,42,63,34551,10.450191772337018,2994
17031221500,1355,116,156,65,65,38,112,75,54,11,159,104,102,110,46,72,70,32584,10.391576649328249,2816
17031221600,1329,43,44,41,45,42,30,53,49,16,66,111,174,95,130,98,292,62877,11.04893571604127,2950
17031222200,885,18,22,4,31,11,32,5,20,7,29,76,116,66,121,71,256,71525,11.17780231791831,2095
17031222500,476,59,12,21,32,4,38,22,20,37,19,45,33,36,50,27,21,23778,10.07651606241849,1535
17031222600,663,58,5,12,38,33,35,62,20,25,59,74,93,24,39,64,22,30395,10.322033400182823,1681
17031222700,835,53,62,83,27,27,64,15,31,39,56,87,119,72,34,8,58,22766,10.033023473885162,2760
17031222800,365,25,49,41,25,50,20,0,42,10,35,23,23,14,4,1,3,14128,9.555913922843741,1107
17031222900,304,8,43,9,12,17,22,8,24,22,41,37,19,18,21,3,0,19151,9.860110212566559,901
17031230100,590,63,36,25,18,10,45,33,39,0,89,68,75,34,17,0,38,24259,10.096542961533052,1587
17031230200,553,46,22,25,37,26,69,33,38,18,34,55,87,0,44,6,13,15172,9.627206902808789,2268
17031230300,265,6,25,1,23,23,18,15,22,0,41,15,57,9,4,6,0,14356,9.571923252267498,1092
17031230400,650,73,62,18,40,17,12,49,21,21,21,120,109,44,28,15,0,16647,9.719985298994011,2430
17031230500,1071,223,89,40,68,96,97,104,82,26,21,25,108,33,33,26,0,13747,9.52857589747142,3559
17031230600,1810,224,177,98,198,107,145,147,120,47,137,122,164,53,8,53,10,13316,9.496721598694915,6445
17031230700,1556,124,71,196,128,168,93,113,71,60,122,109,173,52,30,40,6,14419,9.576302060306647,5267
17031230800,346,19,14,16,31,12,27,19,4,4,30,32,62,23,15,16,22,21202,9.961850795833042,1339
17031230900,1882,393,97,143,42,116,97,149,60,0,147,197,208,93,43,33,64,19265,9.866045257060257,5435
17031231100,350,42,40,22,35,11,39,18,6,21,29,19,18,19,13,16,2,15852,9.671050954310326,1294
17031231200,1750,330,167,194,145,113,94,36,83,51,123,172,109,102,0,20,11,13182,9.486607541612665,5783
17031231500,1837,476,103,50,253,71,107,134,80,103,83,87,205,42,0,43,0,11155,9.319643106866632,6990
17031240200,770,60,53,35,39,14,0,0,3,0,8,51,34,121,84,91,177,76396,11.243685617763045,1525
17031240300,621,12,10,27,11,17,21,0,12,14,27,27,108,74,33,68,160,76731,11.248061077798893,1312
17031240500,1242,27,19,11,7,32,0,10,73,17,56,37,192,139,134,206,282,88018,11.38529661799832,2275
17031240600,627,0,27,53,24,22,18,5,20,18,29,34,79,58,57,77,106,52980,10.877669762826061,1548
17031240700,621,44,22,65,67,9,17,34,17,17,40,15,89,52,37,39,57,33486,10.418882720016489,1630
17031240800,668,124,35,51,21,48,43,48,22,34,35,66,67,25,6,19,24,21267,9.964911854523127,1672
17031240900,513,90,48,5,39,10,45,16,21,20,46,59,26,46,20,16,6,23701,10.073272520325904,1152
17031241000,669,83,63,40,25,30,41,27,39,34,49,61,36,45,37,30,29,21977,9.997751730926211,2093
17031241100,1574,60,49,147,80,49,69,23,93,31,59,195,253,140,146,90,90,35321,10.472232966887885,3822
17031241200,728,109,12,17,40,31,24,4,20,5,34,68,44,75,43,62,140,50210,10.823969489028752,1956
17031241300,782,7,4,56,16,12,11,14,16,13,46,41,75,146,41,149,135,57082,10.952244109519334,2028
17031241400,2449,255,63,79,14,0,12,56,52,90,211,77,241,358,168,263,510,67517,11.120134697003119,5122
17031241500,1388,26,9,64,30,0,40,7,66,15,132,102,228,80,106,139,344,68053,11.128042092339335,3077
17031241600,1659,96,24,0,58,40,86,82,79,7,140,139,293,144,92,174,205,52076,10.860459469017288,3541
17031242000,2078,226,112,104,132,68,137,0,57,59,90,159,159,253,100,217,205,40385,10.606213707876396,4901
17031242100,1679,18,63,9,18,35,27,26,63,45,109,99,256,196,144,273,298,64716,11.077763745125228,3622
17031242200,1661,16,114,18,35,27,17,41,112,63,120,133,217,128,131,211,278,58016,10.968474113554578,3642
17031242300,1599,93,16,8,34,35,39,26,62,24,202,258,193,248,67,34,260,58492,10.976645271731769,3096
17031242400,1404,70,50,44,111,45,40,39,54,99,78,149,246,95,94,99,91,42698,10.66190735971227,2767
17031242500,1590,140,97,59,80,111,35,66,44,61,153,100,201,226,61,85,71,31227,10.349038384183578,3958
17031242600,2433,109,218,14,155,202,159,53,157,95,150,247,276,184,116,189,109,30338,10.320156331151617,6182
17031242700,689,112,94,70,54,26,23,6,34,34,35,56,29,34,29,40,13,25172,10.133487544646824,1679
17031242800,592,25,61,27,52,18,7,0,15,35,28,60,51,48,53,51,61,42040,10.646376824990888,1378
17031242900,805,52,27,4,43,40,30,11,60,4,77,84,109,93,41,53,77,46752,10.752612314550426,1673
17031243000,1035,0,0,74,25,17,0,38,55,128,109,186,190,43,61,44,65,40861,10.617931341885154,2186
17031243100,879,57,37,17,43,31,40,0,36,42,0,52,108,152,42,76,146,44244,10.697475048022145,2445
17031243200,881,42,8,31,0,6,9,4,28,24,65,77,131,70,30,150,206,56876,10.948628738516264,2243
17031243300,1160,23,31,25,46,24,33,37,53,80,85,140,194,116,106,53,114,51024,10.840051389249838,2468
17031243400,1295,50,22,35,58,46,86,29,36,72,35,139,231,121,61,150,124,47697,10.772623781816819,2677
17031243500,1689,103,24,59,31,38,28,62,8,41,140,137,216,189,129,159,325,65706,11.092945524503815,3241
17031250200,781,62,71,41,70,75,43,53,44,32,68,66,54,66,11,14,11,14918,9.610323816515109,2867
17031250300,1566,199,132,160,103,134,154,71,99,96,105,62,124,51,35,33,8,14427,9.576856729945773,4864
17031250400,1866,214,200,151,139,51,210,32,28,192,207,161,179,0,102,0,0,16981,9.739850350946302,5051
17031250500,2864,137,105,181,139,139,67,123,60,35,219,236,396,507,238,147,135,32922,10.40189640628703,8015
17031250600,1280,127,47,119,74,68,20,47,43,93,137,98,167,80,74,42,44,21959,9.996932357245992,4088
17031250700,1990,220,247,169,116,198,133,69,56,44,222,135,243,81,28,14,15,17885,9.791717651693117,5247
17031250800,809,83,104,44,11,40,118,107,60,52,10,89,44,20,13,14,0,14564,9.586308009295324,2444
17031251000,331,38,43,16,6,50,15,26,8,27,29,37,12,0,18,3,3,16822,9.730442832522382,1064
17031251100,1412,206,264,138,136,58,69,65,28,100,30,178,71,15,47,0,7,13205,9.488350824731233,4251
17031251200,1115,35,79,35,98,116,105,58,84,99,70,149,43,38,31,68,7,15545,9.651494322492853,4307
17031251300,1505,223,86,170,154,183,110,32,49,0,58,167,107,113,13,17,23,16042,9.68296556192687,4686
17031251400,1757,305,131,76,267,127,74,87,161,91,86,79,149,28,37,43,16,16756,9.726511682066926,4694
17031251500,1385,305,166,159,101,21,105,86,22,48,75,94,42,105,0,7,49,16595,9.716856724154075,4395
17031251600,1051,164,54,22,81,84,143,53,54,95,75,42,127,18,12,12,15,15300,9.635608107380527,3863
17031251700,368,83,5,21,43,57,13,42,5,11,18,26,21,12,11,0,0,11327,9.334944535200714,1301
17031251800,1726,422,179,250,150,82,91,51,69,56,95,49,169,22,12,0,29,11350,9.336973022909548,5482
17031251900,1678,455,152,198,147,177,81,78,51,73,128,75,0,13,18,19,13,10885,9.295140973668648,4866
17031252000,2293,649,179,129,243,151,214,56,167,14,68,169,111,46,35,48,14,15383,9.64101828255575,5702
17031252101,575,96,82,67,55,24,62,38,11,0,23,18,33,22,4,14,26,18414,9.82086652384779,1462
17031252102,2133,259,173,156,154,154,189,88,208,60,136,155,193,168,22,18,0,14909,9.6097203364284,6866
17031252201,968,165,188,63,24,16,75,73,53,61,49,70,74,42,9,6,0,15042,9.618601567386348,2851
17031252202,1546,325,102,135,215,128,94,76,45,14,85,149,96,32,30,0,20,13298,9.495368926962401,5146
17031260100,571,235,94,71,18,14,24,6,27,5,37,11,15,0,0,14,0,11722,9.369222697036374,1201
17031260200,352,70,39,47,13,26,19,28,5,8,27,22,44,0,0,4,0,10787,9.28609698437543,1148
17031260300,548,94,68,34,65,18,36,21,10,22,71,39,27,37,6,0,0,13423,9.504724932487637,1639
17031260400,394,90,22,59,48,34,37,8,8,11,23,44,6,0,0,4,0,8571,9.056139690898883,1470
17031260500,515,150,35,10,20,57,41,4,17,17,48,43,64,9,0,0,0,12226,9.41132011058867,1679
17031260600,549,78,78,96,50,43,35,12,11,12,22,52,47,0,13,0,0,9950,9.205327830152639,1978
17031260700,550,126,53,45,81,47,26,0,24,44,14,29,42,10,5,0,4,10675,9.275659838096825,1911
17031260800,801,191,96,100,60,24,30,9,45,38,45,61,70,3,9,0,20,17913,9.793281985215103,2524
17031260900,363,112,40,25,31,1,9,15,37,0,10,75,1,7,0,0,0,8948,9.09918532261002,1450
17031261000,669,139,42,78,57,10,52,35,22,10,31,68,59,19,24,23,0,12807,9.457747175426071,2490
17031270500,674,208,94,82,18,38,28,0,39,11,44,20,55,6,6,6,19,12804,9.457512901089753,1890
17031271200,364,113,27,34,14,35,37,8,10,15,9,14,39,4,5,0,0,10098,9.22009266341886,1251
17031271300,363,111,37,12,43,4,0,26,15,17,5,49,0,8,3,25,8,17332,9.7603097828598,1341
17031271400,438,107,48,26,30,6,23,30,4,0,34,47,56,14,0,13,0,15958,9.677715549868227,1179
17031271500,435,65,53,31,28,32,23,31,50,7,21,39,19,26,7,3,0,12763,9.45430563898269,1452
17031271800,264,71,17,75,0,19,30,26,0,3,10,4,4,0,0,5,0,7534,8.927181388251986,967
17031280100,4265,191,44,16,66,42,14,15,47,72,118,433,549,650,380,732,896,94691,11.458374237699054,6725
17031280400,541,191,40,37,10,11,33,52,19,15,30,41,43,14,5,0,0,11757,9.372204086867741,1638
17031280800,338,94,45,29,19,45,7,0,16,12,8,14,20,16,9,4,0,12942,9.468233115617211,1002
17031280900,364,125,19,31,40,7,4,5,8,0,4,25,42,30,4,0,20,19234,9.864434825272427,1007
17031281900,3189,429,54,24,76,15,39,31,88,70,192,294,485,463,135,342,452,70355,11.161309133222357,5358
17031282700,777,78,19,13,37,28,22,30,12,29,133,88,145,65,41,33,4,25180,10.133805307598339,2187
17031282800,669,65,23,34,22,18,51,61,24,5,67,75,87,29,34,68,6,29789,10.301894476832386,1583
17031283100,1194,273,38,24,89,54,62,6,31,149,83,85,47,109,43,74,27,25306,10.138796800749208,2988
17031283200,670,88,52,10,47,20,0,22,3,15,37,68,126,30,48,45,59,37961,10.544314595896374,1505
17031283800,1680,269,145,61,91,43,70,9,49,50,48,125,187,178,148,121,86,34994,10.462931897204566,3656
17031290900,1241,221,132,178,124,32,84,28,154,0,76,65,94,24,29,0,0,11925,9.386392315756542,3904
17031291200,749,256,24,66,47,52,34,7,20,53,28,88,14,48,12,0,0,11844,9.379576689221482,2359
17031291600,348,9,20,13,34,22,15,20,15,41,37,28,61,5,0,28,0,19650,9.885832617297407,1068
17031292200,916,296,83,36,38,48,40,76,80,39,33,53,40,22,10,16,6,12800,9.457200449907708,2863
17031292400,645,93,92,71,56,57,27,18,21,22,38,39,49,30,22,5,5,14042,9.549808117577195,2204
17031292500,1371,191,87,98,183,65,31,71,53,78,129,161,129,67,28,0,0,15626,9.65669147255669,4104
17031300500,843,75,37,33,76,25,119,118,60,34,68,108,48,11,24,7,0,13043,9.476006870370282,2980
17031300600,812,72,126,38,35,28,41,57,49,42,37,110,93,23,38,23,0,13854,9.536329278582551,3347
17031300700,1329,235,150,114,94,81,106,163,59,38,101,8,84,23,52,21,0,11245,9.327678864393416,4691
17031300800,1105,98,101,142,123,104,54,88,83,36,76,139,35,26,0,0,0,10509,9.259987311865597,3999
17031300900,1238,121,175,101,218,136,56,89,61,36,63,65,60,44,0,0,13,11650,9.363061458993847,4107
17031301100,731,95,66,84,81,130,16,32,4,16,55,59,53,23,5,12,0,10714,9.279306576440906,2708
17031301200,1037,148,62,80,179,114,76,80,16,67,61,86,33,26,9,0,0,11828,9.378224880972368,3231
17031301600,1242,85,177,123,119,81,88,21,116,36,171,70,62,57,16,0,20,11401,9.34145634983372,5114
17031301701,1083,36,65,197,102,136,87,51,22,52,122,36,34,132,0,11,0,12141,9.404343433543975,4276
17031301702,1090,79,91,129,59,94,31,89,108,52,48,148,54,80,7,12,9,11989,9.391744841707654,4477
17031301801,1092,29,58,92,112,49,184,111,115,0,71,62,42,51,107,9,0,14697,9.595398670306684,4057
17031301802,884,75,95,133,58,53,54,67,35,26,93,80,59,52,0,4,0,11598,9.358587948436385,3253
17031301803,1376,169,163,125,155,78,131,107,24,55,131,115,66,23,16,16,2,10891,9.295692039075686,5183
17031310200,649,46,29,44,14,48,27,18,5,37,55,105,80,49,34,19,39,31403,10.35465870873383,1521
17031310300,710,88,21,34,45,53,45,45,23,35,42,42,128,24,49,13,23,26084,10.169077378513093,1800
17031310400,530,83,27,21,13,18,42,13,23,48,37,60,44,27,17,10,47,27386,10.21778721289218,1266
17031310500,507,48,41,13,0,17,64,49,41,11,18,73,90,12,23,0,7,19413,9.873698223725375,1505
17031310600,2003,259,172,180,282,109,175,14,61,61,180,154,196,52,0,78,30,20431,9.924808634239811,4654
17031310700,473,37,62,33,39,19,33,2,51,12,31,56,69,14,9,6,0,17944,9.795011076200044,1327
17031310800,1477,96,70,179,96,136,97,128,55,58,143,174,124,72,14,35,0,18020,9.799237531162328,4095
17031310900,1625,147,199,96,149,137,85,62,75,74,92,210,153,77,40,20,9,14939,9.611730522042317,5220
17031320100,7917,660,348,167,159,104,147,77,302,152,448,416,611,934,578,1603,1211,97800,11.49067985602291,12695
17031320400,587,45,24,5,5,0,12,17,3,18,21,28,52,23,38,53,243,50543,10.83057973810414,3057
17031320600,2649,245,153,18,15,32,19,34,28,14,205,255,452,315,288,182,394,66421,11.103768550523514,4624
17031330100,10745,588,345,461,173,393,165,103,541,205,637,1102,1090,1465,791,984,1702,79721,11.286288318151719,18726
17031330200,1859,197,126,64,133,54,54,15,15,42,51,127,169,131,136,188,357,68996,11.14180381088452,3634
17031340300,648,85,93,28,65,47,39,38,17,27,59,22,25,18,30,36,19,19040,9.854297308345357,1824
17031340400,647,108,19,65,70,39,32,20,23,42,30,98,41,40,4,5,11,14956,9.612867836097005,2128
17031340500,779,217,136,27,24,42,12,11,19,11,31,41,122,36,29,21,0,23279,10.055306945596307,1490
17031340600,400,167,82,48,34,8,15,10,5,8,13,0,0,0,0,10,0,9227,9.129889247578555,885
17031350100,1508,337,38,131,69,33,47,49,130,106,152,260,90,33,6,18,9,32216,10.38021850253129,2077
17031350400,639,288,87,69,72,27,12,0,8,35,6,14,21,0,0,0,0,7051,8.860924729719041,1721
17031351000,2219,319,138,103,72,93,107,139,193,104,142,349,230,161,0,59,10,32359,10.384647468346362,3831
17031351100,848,380,163,74,41,3,36,37,30,0,26,18,19,0,13,0,8,9031,9.108418382250798,2022
17031351400,758,353,105,40,43,21,11,25,33,14,35,21,31,21,5,0,0,11113,9.315870873185647,1785
17031351500,197,38,22,16,32,7,9,0,0,0,25,4,10,9,12,0,13,23646,10.070949246423059,456
17031360200,646,197,37,52,38,79,36,48,29,36,37,8,33,9,7,0,0,11997,9.392411897514927,1609
17031380100,957,273,81,133,37,65,63,16,0,17,41,77,35,60,7,52,0,21293,9.966133659186399,1891
17031380200,1116,256,211,122,83,55,122,53,26,17,18,44,48,33,0,10,18,20242,9.915514932748847,1770
17031380500,273,62,30,33,37,6,14,5,20,13,10,10,9,11,0,13,0,13349,9.499196754655733,767
17031380700,436,41,83,78,10,31,19,5,39,12,39,15,45,14,0,0,5,18491,9.825039406206987,1085
17031381200,984,150,119,94,37,48,45,35,65,14,24,114,127,36,0,34,42,31140,10.346248445387989,1891
17031381400,689,106,74,46,26,67,29,51,24,0,98,37,94,22,0,0,15,17987,9.79740455372797,1705
17031381500,110,22,0,8,5,7,16,0,0,0,0,16,28,8,0,0,0,19279,9.866771699599468,298
17031381700,0,0,0,0,0,0,0,0,0,0,0,0,0,0,0,0,0,1,0,0
17031381800,538,100,42,51,33,28,24,13,20,0,51,66,49,21,35,5,0,23247,10.05393137043206,1142
17031381900,553,116,42,30,42,26,32,23,10,12,38,45,43,45,9,28,12,25520,10.147217737458726,1257
17031390100,624,76,7,14,29,13,52,32,12,24,42,39,78,76,42,28,60,37493,10.531909527867445,1510
17031390200,864,50,88,90,5,105,15,11,70,0,32,45,84,113,37,74,45,41260,10.627648786625242,1674
17031390300,1383,405,146,161,131,55,9,43,62,37,99,55,72,53,31,18,6,17852,9.78987082574916,2735
17031390400,1424,363,156,94,124,65,127,67,52,0,68,54,60,56,29,7,102,34997,10.463017622512156,2370
17031390500,746,108,57,25,26,23,54,24,49,38,19,46,66,32,36,29,114,55151,10.917830156883532,1551
17031390600,851,111,25,21,17,6,64,10,46,15,22,70,138,71,37,43,155,54622,10.90819201098127,1885
17031390700,3225,435,121,153,180,114,285,65,68,155,288,256,340,282,175,131,177,46033,10.73711380957344,5349
17031400300,543,193,24,52,25,9,19,30,17,0,60,36,56,14,8,0,0,14451,9.57851889529833,1312
17031400400,729,116,51,78,48,25,72,27,53,15,45,93,60,3,27,8,8,17030,9.742731773656734,1946
17031400500,784,185,61,94,43,75,46,51,32,30,37,58,16,30,20,6,0,12276,9.415401415739627,2273
17031400800,1109,397,81,108,155,19,58,14,8,64,69,84,23,0,29,0,0,10421,9.251578279992428,3024
17031410100,1094,183,87,21,81,44,33,91,77,23,90,150,72,32,50,54,6,32747,10.396566633814148,1777
17031410200,623,176,102,28,11,42,18,30,17,45,41,35,38,20,0,5,15,20383,9.922456499083731,1377
17031410500,1191,288,15,46,0,45,58,22,30,78,52,170,113,106,69,33,66,32033,10.37452190040887,2567
17031410600,1062,156,155,47,74,18,67,55,48,41,40,66,45,64,58,44,84,31699,10.36404041362647,2501
17031410700,1029,285,38,53,54,13,56,51,27,10,64,145,81,26,16,38,72,32325,10.383596203640058,1998
17031410800,1634,255,82,65,102,123,111,76,72,21,147,102,231,84,18,67,78,30470,10.324497871979755,3189
17031410900,1697,222,102,49,117,51,88,26,45,80,216,189,174,88,54,72,124,39745,10.590239326007213,3075
17031411000,1823,135,59,61,54,128,51,47,40,75,207,224,186,155,143,63,195,64326,11.071719183084294,3070
17031411100,879,97,14,22,15,20,22,0,14,18,53,95,39,95,49,88,238,58019,10.968525822090808,2292
17031411200,714,152,12,4,32,9,14,26,14,5,31,42,83,48,36,37,169,67156,11.114773550156288,1604
17031420100,734,200,53,148,39,36,39,20,31,7,43,53,14,10,16,16,9,19591,9.882825556088033,1378
17031420200,585,92,64,28,24,32,44,41,23,24,14,44,96,26,28,5,0,17226,9.75417514934912,1720
17031420300,625,150,36,42,36,49,33,6,26,43,18,54,26,51,8,19,28,14794,9.601976972147813,2524
17031420400,670,285,57,31,19,25,25,8,24,4,47,28,74,19,0,24,0,21543,9.977806216778427,1105
17031420500,838,170,127,106,33,58,8,23,49,63,25,48,112,0,0,16,0,15513,9.64943366106433,1968
17031420600,838,286,81,101,60,49,54,51,15,11,29,48,35,18,0,0,0,10297,9.239607869656751,2147
17031420700,1214,356,129,97,152,83,74,7,61,32,62,79,50,7,0,9,16,12780,9.455636727931525,3375
17031420800,777,176,62,46,69,37,26,56,37,22,47,36,83,29,10,41,0,16773,9.727525729694754,2120
17031421200,559,85,92,72,60,29,56,5,18,16,34,12,34,15,19,12,0,14715,9.596622660667574,1526
17031430101,1572,401,79,103,37,81,143,93,56,56,105,196,106,65,33,0,18,21763,9.987966559114067,3599
17031430102,1845,542,127,219,97,133,31,173,48,49,81,187,56,58,16,0,28,21564,9.97878053657156,3037
17031430200,2267,675,189,179,105,176,178,104,85,27,184,18,114,64,0,40,129,23262,10.054576406898985,4874
17031430300,871,309,108,98,51,56,68,16,14,0,23,13,73,27,15,0,0,11509,9.350884616968491,2118
17031430400,1058,366,116,86,69,29,0,100,20,66,10,72,80,0,38,0,6,13971,9.544739031650487,2946
17031430500,1562,439,183,164,46,78,70,83,78,37,66,172,60,9,58,19,0,16519,9.712266512555141,3334
17031430600,680,137,39,104,43,37,76,15,34,0,22,23,23,49,8,26,44,25469,10.145217305326018,1668
17031430700,1288,404,133,115,93,36,34,63,13,0,120,90,86,29,47,13,12,24191,10.093735942146068,2526
17031430800,700,97,51,29,16,38,61,47,48,90,24,63,69,39,19,9,0,21270,9.965052908194282,1652
17031430900,668,136,59,89,15,31,14,23,31,24,76,75,63,15,17,0,0,19153,9.860214640302662,1382
17031431200,1080,102,75,33,11,61,30,90,75,32,62,117,265,40,34,14,39,23762,10.075842945018232,3059
17031431301,1151,223,163,141,155,50,90,62,64,16,39,31,80,11,19,7,0,12245,9.412872969386267,3194
17031431302,1642,393,228,174,54,142,121,48,27,24,65,65,126,122,32,21,0,15289,9.634888894560614,4263
17031431400,3192,779,221,397,388,126,172,155,186,92,152,166,139,192,16,0,11,18914,9.847657667575458,6361
17031440101,1627,456,170,134,141,121,109,97,75,54,114,59,48,15,7,27,0,13792,9.531843992903474,3712
17031440102,1620,289,260,161,120,169,87,49,119,29,54,142,60,81,0,0,0,16055,9.683775606523614,3431
17031440201,2331,376,230,211,131,188,46,336,232,90,121,97,192,52,29,0,0,16666,9.721125994942152,5213
17031440202,1623,295,153,132,146,92,34,97,20,62,128,117,159,82,31,35,40,22824,10.035567892893337,3514
17031440300,1970,226,143,86,66,85,109,82,51,83,273,157,285,124,127,58,15,27369,10.217166265013583,4404
17031440600,780,75,78,56,27,22,28,19,10,28,104,76,78,87,27,52,13,28049,10.241708259691459,1881
17031440700,645,87,15,30,71,102,12,42,47,13,36,32,59,43,20,32,4,21511,9.976319711185798,1564
17031440800,715,179,49,102,44,55,53,46,30,12,83,10,41,4,7,0,0,13180,9.486455808056498,1699
17031440900,939,178,93,74,46,56,50,40,40,25,94,43,69,108,10,13,0,18140,9.805874723669127,2494
17031450300,1424,156,37,48,62,71,151,95,109,78,120,118,132,55,97,83,12,23388,10.05997834929556,3737
17031460100,1129,135,161,66,70,93,109,48,73,62,89,61,105,37,7,3,10,16857,9.732521279780308,3336
17031460200,772,172,84,55,59,72,40,31,14,4,56,47,38,37,40,10,13,14077,9.552297538827965,2551
17031460301,1001,146,59,145,72,82,10,118,49,39,48,89,52,18,57,17,0,15843,9.670483041375043,2868
17031460302,1145,287,141,109,168,48,46,26,76,51,29,98,19,0,18,22,7,11404,9.341719450032562,3362
17031460400,1245,132,62,139,42,71,59,77,75,37,104,181,140,74,29,23,0,20448,9.925640357177262,3302
17031460500,2180,146,138,93,237,254,168,127,195,80,154,196,172,148,12,48,12,22742,10.031968714184668,4666
17031460600,332,52,14,31,35,17,28,4,31,12,40,11,50,7,0,0,0,14049,9.550306497851652,982
17031460700,869,242,154,36,79,30,35,41,9,16,91,57,60,19,0,0,0,11081,9.312987208936326,2569
17031461000,826,266,229,87,70,14,28,13,4,13,27,29,30,5,0,11,0,12681,9.447860089234899,1703
17031470100,926,157,108,115,93,49,70,71,36,0,33,16,95,63,0,10,10,15718,9.662561831426121,2442
17031480100,863,63,18,47,53,33,22,68,19,17,87,64,172,121,25,33,21,30864,10.33734573514551,2066
17031480200,503,39,61,25,32,28,51,34,31,27,31,43,61,23,7,10,0,21835,9.991269465919661,1130
17031480300,551,24,49,28,63,39,27,34,25,0,17,53,104,47,21,0,20,33090,10.406986400915658,1238
17031480400,2268,142,187,115,151,31,126,116,131,189,290,104,240,259,98,61,28,24754,10.116742371099967,5788
17031480500,1113,135,63,68,113,58,46,50,27,47,176,39,181,72,22,14,2,18687,9.835583373922255,3084
17031490300,861,68,30,78,13,58,56,62,23,17,77,104,112,44,76,22,21,24705,10.11476093127985,2296
17031490400,323,24,16,17,10,5,33,5,20,19,38,16,68,22,20,5,5,27498,10.22186855373718,780
17031490500,744,70,25,70,39,21,15,71,41,17,108,69,98,43,37,16,4,21502,9.975901233045173,2089
17031490600,560,95,12,50,26,21,50,26,24,17,35,44,55,89,12,0,4,20691,9.937454102099402,1528
17031490700,901,110,75,110,29,33,55,66,25,38,61,102,90,35,44,14,14,18531,9.82720028436401,2661
17031490800,1458,205,137,77,104,137,119,9,88,73,112,107,121,70,51,27,21,19171,9.861153999520049,4266
17031490901,1508,271,132,115,78,45,101,130,60,98,17,137,127,119,24,24,30,21202,9.961850795833042,3962
17031490902,1952,230,235,153,127,62,48,59,108,138,158,140,209,105,84,90,6,21693,9.984744906843062,4936
17031491000,1206,291,54,101,136,69,116,50,26,38,56,129,88,8,17,9,18,10271,9.237079669165805,4759
17031491100,1472,178,81,66,157,89,21,105,45,73,95,134,165,207,20,15,21,28832,10.269241160408065,4369
17031491200,737,51,96,16,107,62,8,34,24,44,23,56,104,64,18,6,24,20102,9.908574591584685,2168
17031805402,1754,141,67,76,66,37,140,100,51,26,216,168,223,184,94,145,20,26989,10.203184654566114,4626
17031805502,1411,41,11,24,69,23,56,47,39,11,57,112,99,129,112,172,409,61980,11.034567031341739,4042
17031805600,1477,20,20,43,37,30,9,31,32,17,26,154,176,191,56,140,495,56550,10.942880481544266,4513
17031805702,708,4,8,16,34,24,48,21,21,4,41,12,116,30,116,100,113,45267,10.720333569181761,1934
17031807600,1999,96,65,159,125,25,36,99,75,76,94,280,251,204,165,185,64,26284,10.176715668017758,6313
17031807800,852,14,19,10,23,40,23,33,29,17,66,97,95,117,91,96,82,33682,10.424718849016,2737
17031807900,1312,33,52,22,49,35,12,76,0,37,40,145,134,91,161,170,255,42426,10.655516660832296,4194
17031808001,1239,15,14,75,12,60,79,18,30,18,33,91,182,150,196,126,140,41418,10.631470847931531,3672
17031808002,1639,62,34,36,88,34,10,143,40,56,103,137,186,221,191,126,172,36640,10.508895818788067,4771
17031808100,1565,133,123,88,116,83,120,110,55,70,115,126,108,163,61,48,46,30387,10.321770164354907,3413
17031810000,2635,204,64,49,34,92,92,40,43,201,268,211,349,226,107,266,389,62673,11.04568601186716,4853
17031810200,2482,93,85,196,187,116,65,159,168,121,196,185,439,256,106,92,18,26909,10.200216082123742,6065
17031810301,1425,40,52,44,47,88,84,55,93,23,110,128,222,144,93,71,131,34471,10.44787366982408,3834
17031810400,2039,31,73,44,23,32,58,135,82,49,59,220,295,327,95,252,264,43123,10.67181177644663,5349
17031810501,1805,69,136,98,93,40,114,99,68,19,92,174,226,229,121,147,80,33294,10.413132479553957,4994
17031810502,1864,77,131,166,106,55,143,40,97,124,127,219,275,152,80,53,19,22997,10.043119051621321,5273
17031810600,1885,186,107,53,105,92,36,105,185,83,228,208,171,145,100,35,46,26868,10.198691266386755,4352
17031810701,1880,93,215,197,74,87,136,125,62,53,142,183,163,135,95,77,43,22403,10.01695015744693,5180
17031810702,1515,97,212,129,103,80,66,39,38,54,83,115,117,186,78,59,59,26167,10.172254353874754,3889
17031810800,1714,60,66,115,57,73,65,153,47,52,96,237,242,226,99,52,74,27019,10.204295601206814,5071
17031810900,2490,65,216,101,192,165,109,115,232,79,231,306,245,235,111,65,23,23503,10.064883351558928,6667
17031811100,2719,180,137,383,199,148,101,135,166,78,216,273,237,329,20,81,36,25239,10.136145696218923,6035
17031811500,2016,18,119,49,82,34,120,53,141,41,230,232,480,156,144,96,21,25480,10.145649109686099,6175
17031811900,1769,35,32,99,76,70,39,43,60,25,73,123,207,103,68,90,626,59439,10.992705855562368,5883
17031812100,1622,90,58,40,13,49,15,36,39,64,85,153,153,151,143,264,269,41338,10.629537452771782,4674
17031812200,1282,15,16,8,13,11,8,36,7,15,48,99,93,96,66,98,653,71592,11.178738614862693,4032
17031812500,1565,188,193,54,62,50,55,92,10,57,90,122,128,144,62,94,164,40299,10.604081933731123,3415
17031812600,1693,175,60,135,70,37,88,13,52,85,187,160,260,94,48,61,168,40735,10.614842952744743,3260
17031813000,1288,50,28,37,21,0,19,10,26,44,75,138,234,147,97,142,220,45602,10.727706854189794,3662
17031813100,1747,145,30,70,0,48,70,30,45,77,97,113,320,229,177,168,128,35908,10.488715390876578,4716
17031813301,862,92,34,72,115,58,106,40,38,18,70,104,55,12,13,8,27,12838,9.460164801871723,3409
17031813302,926,91,39,66,62,69,88,45,34,62,92,78,86,51,32,10,21,15125,9.624104282899042,3744
17031813400,1879,136,68,106,137,197,135,79,167,90,202,179,266,32,7,52,26,13097,9.480138475329403,7796
17031813500,1875,84,52,125,119,111,144,169,129,26,264,110,167,235,68,46,26,19150,9.860057994608791,6722
17031813801,767,43,24,58,16,57,37,46,45,94,104,104,59,41,39,0,0,14662,9.593014391783532,3031
17031814200,1806,116,105,130,134,212,93,149,105,153,84,157,132,111,80,18,27,14547,9.585140065773462,6635
17031820300,1557,44,54,69,76,97,150,134,109,65,151,222,207,81,26,26,46,18568,9.829194947954273,5298
17031820400,1575,120,110,25,118,80,128,90,101,83,145,179,167,136,29,21,43,15599,9.654962088618868,6111
17031820502,1698,45,106,86,173,106,92,49,29,41,260,159,256,109,67,71,49,24785,10.117993910454674,5083
17031820700,2339,131,94,16,38,107,100,112,199,115,224,310,372,250,122,75,74,26041,10.167427498042906,6778
17031820800,1151,30,16,17,80,72,42,73,36,35,96,165,222,137,63,55,12,21507,9.976133742520982,4216
17031820901,1874,79,82,84,165,229,89,127,95,46,249,230,216,107,50,26,0,18485,9.824714871370732,5533
17031820902,1447,29,83,93,100,81,68,74,93,62,119,126,199,149,69,49,53,21865,9.992642463847021,4869
17031821102,1279,60,71,51,50,59,40,64,24,55,110,111,282,197,85,8,12,21312,9.967025573340116,4282
17031821200,2270,192,218,195,190,210,85,87,130,115,223,210,214,117,84,0,0,18557,9.828602355344339,6008
17031821401,1382,79,72,78,44,110,165,135,91,67,101,133,225,44,0,35,3,19601,9.883335864325275,3934
17031821402,1358,115,43,109,80,45,84,54,123,84,183,198,111,91,29,9,0,22222,10.008838068143953,3221
17031821500,576,69,23,62,46,49,29,32,31,9,61,73,53,21,10,8,0,15078,9.620992006771647,1847
17031821600,1653,59,94,47,115,65,106,37,55,41,141,241,173,146,147,147,39,28177,10.246261321304372,4566
17031821700,1759,34,50,51,126,56,47,76,116,81,61,163,234,262,150,109,143,35700,10.48290596776773,4867
17031821900,1860,80,90,87,22,81,169,72,89,93,148,160,236,285,95,54,99,29380,10.288069449727868,4984
17031822000,1938,118,129,146,160,111,132,71,130,77,165,219,241,169,66,4,0,24241,10.095800693457734,4343
17031822101,1682,72,62,40,147,54,50,108,138,54,158,173,317,94,100,96,19,27668,10.228031789720475,4278
17031822701,1919,121,56,91,171,155,158,41,98,98,132,205,249,162,97,85,0,26789,10.195746634481015,4338
17031822702,1488,84,112,125,119,87,98,68,78,37,82,146,170,88,90,96,8,27774,10.231855610259325,3285
17031822802,1305,20,18,14,100,49,55,76,36,39,139,144,239,139,94,110,33,31707,10.364292755677457,3394
17031823200,1657,62,43,48,76,69,84,88,39,67,122,268,191,238,155,90,17,28001,10.239995502805316,4560
17031823303,1575,99,43,10,171,104,107,66,72,23,156,213,229,139,62,74,7,23147,10.04962046148409,4537
17031823304,2296,144,83,237,67,209,179,193,83,88,187,203,243,131,101,129,19,23198,10.051821347041821,5900
17031823400,1842,193,83,63,136,216,97,26,60,138,192,193,225,87,27,61,45,20272,9.91699590256092,5237
17031823500,1707,167,57,42,63,111,88,83,161,85,109,204,205,158,50,41,83,24360,10.100697721823833,4694
17031825700,1382,166,121,76,93,35,79,42,87,75,133,121,204,34,33,50,33,19101,9.857495968685136,4212
17031825801,1423,241,61,75,81,110,90,120,117,87,130,156,76,33,41,5,0,17570,9.773948181181144,3397
17031826401,1283,152,38,101,64,43,29,50,71,28,125,74,213,129,93,50,23,23585,10.068366195718362,3811
17031826500,1914,267,148,126,124,70,113,50,149,161,123,231,178,124,21,17,12,14505,9.582248696555505,6505
17031830500,1058,24,32,89,143,37,99,70,64,68,89,175,112,37,9,10,0,11678,9.365462008843483,4829
17031830600,1847,149,112,137,47,146,132,95,148,139,142,156,206,71,67,46,54,23274,10.055092136668023,4781
17031830700,1731,335,108,105,53,146,63,50,71,75,98,106,183,107,34,139,58,31499,10.357711078278063,3431
17031830800,1467,96,51,15,15,81,29,132,97,69,121,186,237,73,68,69,128,48967,10.79890188082263,2565
17031830900,1240,6,20,8,27,38,44,24,44,32,79,180,133,143,92,190,180,50969,10.838972883757673,2948
17031831000,1087,0,9,0,58,17,47,0,9,16,21,138,101,30,93,228,320,99436,11.50726950011407,2191
17031831100,2780,157,27,196,170,216,218,126,106,206,204,364,340,219,108,56,67,24154,10.09220527683532,8174
17031831200,1358,132,48,120,110,124,141,67,82,66,80,103,120,46,53,45,21,15187,9.62819507773027,4915
17031831300,370,40,25,15,6,67,62,45,15,1,24,69,0,0,1,0,0,13462,9.507626180570659,1082
17031831400,1010,91,56,139,103,28,96,43,34,30,31,140,128,71,11,9,0,17036,9.743084031043104,3017
17031831500,1177,102,77,37,20,26,34,57,101,7,138,167,113,174,100,18,6,23367,10.059080049588058,3559
17031831600,2406,217,149,105,106,132,171,200,169,131,211,82,403,114,128,37,51,22298,10.012252267327517,7371
17031831700,761,57,27,60,43,25,33,32,44,24,55,81,86,43,29,88,34,25480,10.145649109686099,2325
17031831800,2026,189,32,62,206,72,144,86,43,92,123,95,287,208,136,223,28,25635,10.1517138842178,6073
17031831900,1253,17,42,9,30,0,18,42,58,44,54,105,206,110,78,108,332,74326,11.21621610219893,2633
17031832000,842,27,15,9,38,10,8,27,16,38,31,85,135,99,107,103,94,57021,10.951174900018946,1824
17031832100,1757,218,62,105,54,53,44,85,53,66,136,155,185,207,121,52,161,49159,10.802815221731821,3157
17031832200,1553,77,66,18,46,58,30,10,20,116,119,131,143,132,178,161,248,58369,10.974540205962679,3538
17031832300,879,37,11,24,22,19,18,11,17,21,43,82,111,120,66,111,166,58454,10.97599539911813,2007
17031832400,1227,46,36,46,10,71,11,35,49,17,101,71,161,142,49,208,174,46100,10.73856822898474,3084
17031832500,1330,170,69,44,13,54,18,28,25,16,54,60,77,123,97,155,327,54227,10.900934218371287,3838
17031832600,1742,41,47,9,18,15,17,34,29,30,74,102,135,157,197,312,525,89729,11.404549295685257,3852
17031832900,994,159,38,57,70,41,36,17,28,46,72,45,89,31,27,129,109,37983,10.544893970188363,2616
17031833000,1891,207,107,0,51,14,32,0,67,0,12,143,259,117,159,272,451,82981,11.326366944910895,3206
17031833100,3919,482,79,122,0,29,48,14,79,29,175,202,431,322,410,468,1029,75637,11.23370086043112,7709
17031833300,868,142,10,87,39,55,26,0,28,32,49,40,86,64,44,57,109,33702,10.425312461760488,2636
17031833900,726,156,74,83,58,10,72,39,41,37,56,22,41,16,2,19,0,12418,9.426902311924838,2262
17031834000,1079,152,54,69,110,36,88,35,69,63,107,98,74,57,9,50,8,19064,9.855557018778578,3020
17031834200,1928,344,239,187,131,10,191,62,90,38,80,136,227,81,0,93,19,23360,10.058780436942163,4539
17031834300,2466,513,170,145,265,136,129,22,65,131,117,124,359,94,99,62,35,20723,9.938999473537487,6103
17031834400,1651,240,162,89,113,97,21,133,64,27,25,161,150,169,72,120,8,22422,10.017797898713539,4454
17031834500,483,90,48,45,20,5,56,40,49,0,37,33,23,37,0,0,0,13456,9.507180382212729,1449
17031834600,935,183,178,95,44,68,91,38,89,10,9,47,57,16,0,10,0,10639,9.272281773516365,2889
17031834700,538,94,69,46,51,59,20,28,50,29,5,20,41,11,5,0,10,14281,9.566685261452934,1783
17031834800,602,131,87,64,71,50,7,28,14,21,29,24,43,24,9,0,0,13833,9.534812320874815,1518
17031834900,818,223,121,79,92,12,47,41,27,0,58,57,48,13,0,0,0,11524,9.35218709620442,2198
17031835000,1826,365,114,200,171,192,61,61,148,54,148,121,131,22,7,0,31,13520,9.511925349596956,6136
17031835100,1353,90,26,103,75,234,142,73,92,61,140,82,93,62,59,21,0,12211,9.410092463833022,5845
17031835200,620,21,20,57,47,28,75,47,47,27,71,55,28,28,36,20,13,20985,9.951563175767692,1787
17031835500,702,228,83,53,45,49,23,45,41,40,9,19,36,19,12,0,0,15091,9.62185381861855,1433
17031835600,362,24,26,70,69,21,4,23,25,5,30,21,11,22,6,0,5,19493,9.877810705746144,944
17031835700,199,109,0,0,0,0,0,0,45,0,15,30,0,0,0,0,0,9146,9.121071904218,578
17031835800,651,105,35,30,19,14,33,37,0,20,71,83,51,64,10,41,38,26917,10.200513336241043,1720
17031835900,1439,348,242,174,71,10,60,36,16,63,85,90,22,135,34,53,0,19333,9.869568759332502,3109
17031836000,942,110,79,72,40,22,13,38,33,34,75,96,121,43,78,54,34,25214,10.135154674791215,2743
17031836100,703,136,50,127,29,63,29,14,5,29,43,61,34,33,3,21,26,18948,9.849453664043642,1864
17031836200,128,9,6,6,6,0,10,15,0,0,13,14,10,15,12,0,12,9887,9.198976041897133,1660
17031836300,655,81,0,42,55,30,10,18,35,25,61,65,89,5,40,47,52,41310,10.62885988039081,1463
17031836400,1579,483,136,62,35,47,97,47,71,48,101,110,116,80,38,42,66,25467,10.145138775406078,3262
17031836500,635,69,98,38,48,86,57,30,25,19,20,62,54,25,4,0,0,15412,9.642901705746048,1603
17031836600,1043,164,103,14,71,30,54,71,26,44,95,131,33,127,25,37,18,22918,10.039677906986393,2746
17031836700,797,135,58,105,91,40,66,51,27,6,43,40,99,36,0,0,0,13934,9.542087175590064,2291
17031836800,955,409,93,79,127,3,20,62,48,0,0,18,43,53,0,0,0,11255,9.328567753340833,2218
17031836900,449,107,55,27,22,51,0,9,11,48,0,31,39,18,31,0,0,13194,9.487517459782817,1438
17031837000,778,215,73,22,37,58,19,43,43,17,95,31,42,42,16,4,21,19453,9.875756578797818,1919
17031837100,789,159,132,32,55,38,16,31,77,24,3,8,87,58,29,40,0,21200,9.961756460660103,1857
17031837300,745,170,36,58,47,45,41,0,58,5,15,103,94,33,7,33,0,15730,9.663324996052323,2419
17031837400,672,136,82,11,24,18,21,44,45,4,73,30,140,22,0,4,18,15456,9.6457525564523,2303
17031837800,1016,150,39,62,25,42,53,32,15,0,120,128,77,100,76,66,31,22999,10.043206015705211,3333
17031838000,1259,412,169,69,58,32,21,22,0,20,46,88,104,94,40,41,43,22923,10.039896052315676,2785
17031838100,1187,396,152,94,42,6,53,33,0,28,36,84,53,62,54,61,33,30649,10.330355314404699,1853
17031838200,410,72,23,47,27,7,18,22,5,36,42,30,26,5,16,34,0,14145,9.557116483735667,2094
17031838300,641,99,47,36,48,14,30,26,30,11,24,69,70,35,15,27,60,34855,10.4589518779205,1527
17031838600,497,176,89,63,14,43,10,27,0,25,38,0,12,0,0,0,0,7684,8.946895523888447,1506
17031838700,1492,466,146,120,162,68,61,64,67,49,52,141,63,33,0,0,0,9551,9.164401140034737,4808
17031838800,1095,287,149,122,59,64,37,44,43,19,69,78,76,31,0,10,7,11476,9.348013177101256,3543
17031839000,4533,475,287,0,61,65,148,46,115,156,147,248,760,438,423,692,472,58073,10.969456118819169,8421
17031839100,2886,262,64,75,52,95,23,17,68,68,163,314,476,288,135,312,474,60011,11.00228315773407,6213
17031839200,1456,297,97,53,162,125,70,34,76,42,54,180,166,43,14,35,8,26406,10.181346536039147,2488
17031839500,693,210,59,62,54,0,20,4,23,6,6,38,53,31,22,64,41,33485,10.41885285634415,1360
17031839600,810,98,100,81,81,38,14,24,46,5,59,33,77,32,22,74,26,29688,10.298498202740433,1727
17031839700,1901,183,115,70,116,82,195,98,113,100,157,169,146,144,99,37,77,27858,10.234875457247977,4464
17031839800,1185,90,61,88,98,35,66,25,147,0,108,128,108,105,35,91,0,25676,10.153311982431669,2895
17031839900,1696,156,105,51,124,78,64,18,83,89,71,166,263,156,113,99,60,30970,10.340774272967248,4065
17031840000,966,52,56,0,32,31,23,70,14,86,103,106,112,59,73,98,51,31666,10.362998829061379,2804
17031840100,983,126,23,159,96,58,35,94,89,26,10,123,59,22,8,30,25,17035,9.743025330095067,2776
17031840200,801,100,42,44,40,44,70,7,60,32,39,59,98,55,42,24,45,22487,10.020692643436833,2455
17031840300,1129,85,38,77,36,47,114,93,62,63,136,132,105,33,74,34,0,17983,9.797182146165197,3764
17031840400,1165,226,24,57,90,82,90,27,37,88,86,97,60,58,33,55,55,20911,9.9480306152868,3343
17031840700,1156,149,35,76,204,69,99,117,88,91,17,44,45,92,9,21,0,13540,9.513403546466266,3695
17031840800,844,68,74,107,56,83,181,45,50,26,38,45,37,13,8,0,13,12805,9.457590998633625,2974
17031841000,502,50,48,40,5,49,34,10,5,8,24,13,60,64,13,34,45,45923,10.734721359869923,830
17031841100,2674,615,134,163,300,187,210,176,25,69,138,212,134,143,123,30,15,16689,9.722505098743403,7308
17031841200,1631,192,60,105,152,163,203,56,82,99,110,189,114,76,6,24,0,14154,9.55775254863573,5252
17031841300,1454,187,45,55,122,70,68,110,98,49,146,143,109,117,95,23,17,20947,9.949750717005767,4176
17031841400,399,115,21,31,25,54,4,11,12,0,11,48,52,0,9,6,0,13541,9.513477398982824,1228
17031841500,922,193,201,73,102,32,70,28,31,13,23,59,35,41,7,14,0,10810,9.288226910633254,2838
17031841600,233,49,22,23,36,7,4,0,11,13,8,31,19,10,0,0,0,13518,9.511777409660299,676
17031841700,713,171,99,116,36,62,15,31,5,20,56,53,27,14,6,0,2,13227,9.490015474026047,1698
17031841800,886,132,93,64,58,26,102,33,27,49,59,90,56,52,15,20,10,17345,9.76105955940385,2578
17031841900,1699,18,54,16,10,36,10,20,27,13,64,201,187,371,113,297,262,35809,10.485954537441994,6388
17031842000,362,26,9,16,3,2,11,15,12,19,13,43,73,49,22,17,32,17991,9.79762691183662,3092
17031842100,2037,520,94,75,28,170,111,218,100,59,77,180,271,98,13,23,0,11731,9.369990189505721,7722
17031842200,1713,189,61,93,113,26,9,26,25,18,24,84,155,121,266,333,170,72037,11.184935154891406,2611
17031842300,1552,68,10,0,18,57,14,16,24,52,143,32,187,188,151,216,376,69557,11.149901839303553,3547
17031842400,1267,137,111,60,104,63,32,135,17,64,86,166,189,66,11,16,10,22232,10.00928797142234,3034
17031842500,802,421,74,80,13,49,29,20,9,0,0,40,22,30,15,0,0,8962,9.100748695346088,2119
17031842600,1462,147,47,69,34,106,48,56,48,43,116,189,274,111,89,64,21,22637,10.027341014703126,4622
17031842800,2031,58,238,192,193,197,134,281,42,53,179,141,197,96,0,13,17,12360,9.422220731011683,7460
17031842900,1178,275,112,178,123,63,43,29,22,34,112,82,49,6,0,28,22,21437,9.972873680021136,2291
17031843000,932,243,136,135,57,87,49,38,11,43,31,35,42,10,0,6,9,11446,9.345395602969047,2637
17031843100,524,102,78,37,39,30,37,49,19,11,27,24,35,0,6,16,14,13037,9.47554674766278,1872
17031843200,777,78,51,45,29,61,25,49,66,120,65,54,39,23,19,53,0,19181,9.861675484721689,2182
17031843300,464,57,43,39,23,14,40,17,13,13,38,73,51,8,15,20,0,13394,9.502562124469996,2090
17031843400,421,45,40,73,53,28,28,19,0,5,49,9,31,27,7,7,0,14096,9.553646348175961,1266
17031843500,287,6,26,50,23,17,18,10,16,22,12,43,36,4,0,4,0,2925,7.981049759665957,9364
17031843600,1155,243,114,71,59,44,74,81,42,33,40,60,124,53,36,8,73,27229,10.212037860792206,2678
17031843700,975,41,29,18,21,19,49,35,16,33,43,110,74,132,47,100,208,58410,10.975242387034355,2515
17031843800,615,76,36,45,38,59,47,29,77,0,51,47,52,37,21,0,0,16758,9.726631035173233,1699
17031843900,1890,420,140,173,146,84,90,54,69,70,119,146,204,100,24,22,29,23458,10.06296686708145,3707
17031660301,544,104,115,22,64,39,72,21,0,31,21,6,44,0,5,0,0,9059,9.111514017669288,1801
17031660302,1422,101,105,172,195,83,66,80,113,64,131,96,179,12,12,13,0,11972,9.390325868972589,5402
17031660400,1475,174,25,67,77,101,101,123,88,106,74,110,186,41,122,68,12,14585,9.587748882301822,6458
17031660500,1340,199,49,113,91,69,50,100,105,89,104,136,165,56,0,5,9,12503,9.433723894495,5005
17031660600,2061,318,239,162,219,141,133,138,183,138,6,119,72,52,79,56,6,14011,9.547598014371232,6378
17031660700,601,126,35,73,32,45,26,34,37,28,59,43,36,27,0,0,0,11544,9.353921100453707,2170
17031660800,1674,214,183,77,142,94,117,134,135,9,205,125,119,91,8,13,8,14715,9.596622660667574,5291
17031660900,1310,252,81,150,150,106,92,28,82,78,35,77,94,10,31,44,0,13115,9.481511892300974,4255
17031661000,1812,297,209,149,107,77,126,182,91,27,104,140,113,55,107,8,20,17391,9.763708110007842,5128
17031661100,1850,117,79,140,121,119,119,112,114,105,181,258,223,85,30,36,11,16368,9.703083488191409,6241
17031670100,353,70,10,13,41,27,8,29,45,13,21,10,15,39,7,5,0,15265,9.633317905168978,1192
17031670200,291,64,20,31,35,25,13,11,21,11,14,9,9,10,0,13,5,20445,9.925493632798743,827
17031670300,390,39,69,47,46,19,12,17,43,6,40,29,12,3,4,4,0,12153,9.4053313318708,1198
17031670400,558,102,78,59,29,39,57,24,29,7,20,40,46,17,0,3,8,15728,9.663197842386948,1809
17031670500,337,34,30,30,58,30,36,7,9,9,25,30,39,0,0,0,0,11229,9.326254996572539,1200
17031670600,348,102,50,21,25,17,0,0,5,26,22,49,8,11,5,7,0,12840,9.460320577243952,1144
17031670700,385,41,42,67,43,19,22,21,33,0,35,13,43,0,0,6,0,12915,9.46614470552994,1130
17031670800,530,111,82,56,33,49,25,23,5,9,53,24,14,13,33,0,0,13249,9.491677356868124,1527
17031670900,480,72,41,39,41,42,6,55,26,15,17,20,101,5,0,0,0,13530,9.512664721164834,1596
17031671100,313,51,53,27,11,16,47,17,22,9,18,31,6,5,0,0,0,8034,8.991437814919227,1277
17031671200,297,84,30,38,26,30,11,19,7,6,13,28,0,0,0,0,5,13875,9.537843938614635,914
17031671300,586,64,29,71,64,22,67,22,38,32,30,56,49,42,0,0,0,13395,9.502636781978708,1978
17031671400,541,94,43,39,91,32,41,66,12,16,23,45,19,12,0,8,0,11548,9.354267540782825,1720
17031671500,905,127,149,94,80,83,30,61,85,37,53,39,59,8,0,0,0,11094,9.31415970061518,2794
17031671600,699,79,85,122,69,85,37,73,35,0,17,56,24,17,0,0,0,12611,9.442324727955874,1960
17031671800,356,57,20,17,37,30,12,12,7,14,40,35,32,16,11,6,10,24647,10.112410468210365,1265
17031671900,319,71,5,34,18,4,10,16,22,16,23,49,22,0,20,9,0,14109,9.554568170613157,1120
17031672000,1149,116,28,162,88,23,85,88,137,28,114,111,67,0,39,51,12,15448,9.64523482410835,3949
17031680500,408,77,37,67,92,12,10,19,7,8,40,10,16,13,0,0,0,8563,9.055205875026193,1378
17031680600,421,90,19,27,59,63,35,0,14,30,38,17,15,6,8,0,0,8715,9.07280095795412,1728
17031680900,1520,466,281,155,163,130,98,54,25,46,15,40,26,8,13,0,0,11535,9.353141170607854,3035
17031681000,1251,410,209,167,29,46,57,67,0,32,85,0,30,64,17,9,29,16192,9.692272572087193,3107
17031681100,1023,277,198,88,113,20,79,17,27,36,35,28,55,21,11,18,0,9799,9.190035618635818,3311
17031681200,821,234,74,80,47,65,51,25,13,43,82,20,30,38,19,0,0,11364,9.338205742974079,2567
17031681300,762,193,53,95,83,44,59,24,40,33,35,51,48,0,4,0,0,11514,9.351318965235755,2187
17031681400,910,117,141,76,30,60,19,98,58,92,90,55,57,0,17,0,0,14189,9.560222295507314,2517
17031690300,722,183,99,88,34,60,46,21,39,7,19,46,42,31,0,0,7,11118,9.316320695513415,2428
17031690400,1397,203,75,230,146,166,38,77,95,42,44,130,91,8,9,25,18,17774,9.78549199429842,3527
17031690500,314,46,36,10,28,38,9,43,15,10,0,21,28,13,5,8,4,23452,10.062711058084105,786
17031690900,1689,239,100,124,152,111,134,60,88,80,143,210,161,31,37,12,7,17296,9.758230539878989,4556
17031691000,1036,142,101,7,87,34,45,10,48,27,60,145,168,85,34,19,24,26040,10.167389096322506,2536
17031691100,1156,286,171,116,51,57,87,20,70,56,19,89,88,0,15,20,11,14449,9.5783804869936109,3081
17031691200,1111,145,106,55,159,140,68,92,16,32,39,97,162,0,0,0,0,13358,9.499870735285581,3252
17031691300,964,218,23,54,80,46,53,22,36,51,116,107,41,59,20,20,18,18289,9.814055065204576,2665
17031691400,1272,195,139,170,125,119,72,86,49,18,98,98,69,6,14,10,4,16179,9.691469384005337,2923
17031691500,790,179,82,98,89,5,46,33,12,57,32,56,38,34,12,17,0,15087,9.621588724840075,2010
17031700100,1046,65,61,44,13,0,88,33,0,28,122,125,121,157,89,85,15,24953,10.12474933443232,3347
17031700200,1811,24,33,74,131,99,189,85,77,169,116,223,257,161,68,96,9,18214,9.809945808127765,6773
17031700301,1663,46,73,140,94,97,84,107,74,39,152,157,266,167,47,104,16,18924,9.848186236751038,6155
17031700302,1695,57,52,103,71,64,127,14,54,74,128,222,270,147,161,62,89,25409,10.142858720954989,5417
17031700401,1861,108,51,62,74,74,120,69,35,66,190,173,369,194,136,115,25,23507,10.065053528117518,6171
17031700402,1257,51,43,76,22,30,43,60,66,33,108,132,203,146,58,130,56,25078,10.129746246750484,4264
17031700501,2466,171,73,93,0,118,118,65,11,173,285,287,532,131,305,49,55,26635,10.1899814193511,7645
17031700502,1034,38,20,48,10,13,9,59,0,9,83,150,148,166,82,191,8,29251,10.283669040109793,3511
17031710100,467,177,63,60,16,12,12,10,4,13,10,25,44,8,13,0,0,11918,9.385805141306925,1296
17031710200,1834,313,144,143,241,247,92,83,127,55,157,111,55,66,0,0,0,12784,9.455949668006056,4939
17031710300,539,117,45,30,81,33,25,58,26,4,40,28,5,37,10,0,0,14243,9.564020836934587,1338
17031710400,1854,312,122,86,189,108,172,65,56,91,175,186,159,35,39,12,47,19054,9.855032332266724,5364
17031710500,1578,222,204,197,103,110,62,58,94,114,121,77,158,17,22,10,9,15731,9.663388566822505,4104
17031710600,638,134,31,90,85,21,29,6,32,32,34,71,67,0,0,6,0,12744,9.452815851589884,1934
17031710700,1357,302,235,110,98,149,25,47,29,0,95,70,35,39,83,27,13,19972,9.902086571620499,2767
17031710800,1924,323,177,111,106,122,62,216,77,100,31,228,166,131,50,24,0,20424,9.924465958921319,4606
17031710900,809,262,82,67,65,39,20,32,59,32,32,22,25,29,13,22,8,12595,9.441055188786711,2348
17031711000,1108,153,70,155,78,48,140,42,21,26,109,160,70,22,0,7,7,15196,9.628787514307517,3121
17031711100,993,142,112,37,59,60,64,69,42,41,32,85,48,134,41,27,0,23144,10.04949084665597,2373
17031711200,1989,230,124,189,127,93,117,136,62,44,163,244,280,86,40,40,14,21605,9.980680048366034,5041
17031711300,551,89,27,63,47,43,18,9,25,29,21,58,46,33,35,3,5,16231,9.69467827290507,1744
17031711400,827,159,48,80,28,64,29,79,53,27,94,88,60,12,0,6,0,14766,9.60008251961911,2331
17031711500,811,48,100,105,84,36,21,44,52,54,50,44,79,45,14,23,12,17064,9.744726260151186,2464
17031720100,1211,7,46,53,9,19,27,26,7,49,28,101,232,48,54,199,306,53760,10.89228497519703,3459
17031720200,1608,119,2,55,43,111,76,71,111,73,99,99,221,130,105,163,130,38508,10.558621290897857,4059
17031720300,1279,20,12,15,22,22,7,13,38,27,50,79,246,106,154,247,221,41930,10.643756840164809,4093
17031720400,685,19,4,7,5,14,29,11,12,30,22,68,161,56,94,93,60,38306,10.553361820862607,1957
17031720500,800,19,7,4,20,30,6,10,19,4,27,93,140,101,83,132,105,44531,10.703940854834315,2194
17031720600,603,39,0,7,5,12,7,9,0,24,32,36,92,110,61,63,106,47436,10.767136713084685,1743
17031720700,1424,91,21,37,56,23,30,107,80,46,183,188,120,144,91,119,88,38800,10.566175525611365,3331
17031730100,886,59,49,53,45,55,69,62,32,21,75,99,83,86,48,50,0,23083,10.046851694843998,2514
17031730201,2383,178,137,248,250,262,284,115,91,86,160,163,125,173,51,28,32,19052,9.854927361920751,6286
17031730202,1037,83,49,74,68,33,24,84,17,71,27,72,186,131,73,45,0,21544,9.977852634491434,3450
17031730300,411,51,33,38,9,27,15,18,29,9,14,45,52,22,21,24,4,22590,10.025262609462049,1135
17031730400,1302,116,70,37,33,66,73,41,34,128,81,109,221,115,79,49,50,24718,10.11528700214968,3967
17031730500,1549,192,44,87,121,88,36,46,51,90,171,97,263,159,54,41,9,24416,10.102993934084184,4357
17031730600,1228,76,106,111,149,49,68,37,69,29,52,109,218,87,21,38,9,23522,10.065691432410983,3022
17031730700,713,59,96,19,47,32,25,45,26,30,98,33,76,78,46,3,0,18134,9.805543908206001,2324
17031740100,1149,37,20,27,28,31,15,19,36,30,32,113,278,169,89,162,63,36838,10.514285200079048,3100
17031740200,1960,86,47,51,38,64,57,62,21,27,118,174,276,297,342,240,60,29900,10.305613759378778,6679
17031740300,1703,36,40,16,21,16,67,52,40,12,84,165,271,345,242,161,135,39805,10.591747811522678,4775
17031740400,1761,43,24,46,73,31,37,115,103,34,183,165,316,253,89,184,65,35271,10.47081637553585,4475
17031750100,1452,96,147,48,169,106,112,82,8,61,126,89,183,74,18,116,17,21694,9.984791003600163,4219
17031750200,1260,132,34,17,61,70,25,39,37,9,171,104,97,61,89,146,168,41273,10.627963812132798,3218
17031750300,919,28,28,15,37,40,23,48,5,8,71,50,200,80,95,115,76,39285,10.578598045609922,2466
17031750400,1190,17,61,40,59,26,13,34,45,8,23,164,227,119,120,117,117,40805,10.616559901903344,3224
17031750500,2067,158,102,72,134,111,129,101,50,167,148,95,211,367,152,25,45,23624,10.07001842342376,6298
17031750600,1182,144,111,63,110,41,80,41,20,55,46,153,133,109,76,0,0,18347,9.81722135237872,3594
17031760801,2172,77,114,151,236,106,133,58,125,103,183,233,373,107,46,78,49,32278,10.382141162595767,4125
17031760802,1107,28,67,94,58,56,66,49,20,63,87,116,164,95,56,42,46,30363,10.32098004085701,2503
17031760803,2846,274,173,215,221,87,184,81,204,69,360,337,382,126,44,89,0,24008,10.086142387120203,6274
17031770901,1986,135,18,54,199,70,87,109,62,73,112,265,193,296,126,104,83,29006,10.275257984120195,5531
17031770902,1442,94,20,117,57,28,93,54,117,64,135,115,278,119,66,41,44,26970,10.202480416133776,3695
17031580700,1606,168,49,110,101,154,172,62,155,77,171,126,138,82,0,28,13,12863,9.462110252078716,6124
17031580800,511,48,52,48,12,82,32,0,47,63,44,23,38,0,14,0,8,12078,9.399140894867847,1886
17031590500,673,43,54,27,54,43,32,19,15,59,43,113,60,69,16,26,0,21977,9.997751730926211,1835
17031590600,1206,53,66,81,96,99,107,109,59,43,131,85,137,91,22,18,9,16844,9.73174978928182,3838
17031590700,985,90,69,63,55,74,54,47,53,100,98,59,90,65,14,42,12,17394,9.76388059814971,3284
17031600400,1583,153,69,131,204,151,128,53,45,18,113,161,218,29,0,88,22,18625,9.83226004324776,4470
17031600600,966,100,53,56,69,108,149,43,56,27,48,65,91,58,10,17,16,17503,9.770127573790836,2891
17031600700,1048,113,159,115,15,57,124,88,50,32,31,76,70,39,17,29,33,21076,9.955890231329176,2517
17031600900,1428,94,97,59,98,111,95,68,95,32,185,185,111,112,44,32,10,23219,10.052726188002366,3516
17031610300,1559,166,150,117,167,107,84,78,76,125,133,184,101,25,18,9,19,11900,9.38429367909962,6052
17031610400,568,78,46,109,76,65,29,52,0,27,55,12,13,0,6,0,0,8322,9.026657889542886,2040
17031610800,538,15,26,39,15,40,42,40,63,6,26,53,58,36,30,35,14,21800,9.98966524877718,1664
17031611000,294,41,39,60,51,13,32,27,0,7,5,8,11,0,0,0,0,8618,9.061608318175784,904
17031611100,718,63,63,148,137,58,58,41,34,10,55,17,18,10,6,0,0,9907,9.20099685697303,2368
17031611200,660,92,59,75,66,89,51,24,65,50,26,53,5,0,5,0,0,9052,9.110741006753427,2512
17031611300,832,97,50,101,135,89,42,29,83,17,59,44,47,23,5,11,0,12572,9.439227397917458,2598
17031611400,946,88,68,70,92,89,130,165,51,9,28,67,64,25,0,0,0,10411,9.250618218474752,3481
17031611500,928,70,73,160,136,64,69,79,47,26,89,22,61,27,0,0,5,12631,9.443909388773974,3254
17031611600,440,31,28,46,38,61,59,10,25,0,28,87,22,0,0,5,0,11467,9.347228624038305,1699
17031611700,463,64,67,46,41,34,12,67,24,0,47,27,18,6,6,4,0,12613,9.442483307087192,1350
17031611800,636,82,40,46,91,98,40,8,31,25,42,74,50,9,0,0,0,10395,9.249080200292113,2487
17031611900,559,62,52,73,83,57,25,43,21,27,14,35,50,7,0,10,0,10712,9.279119887371008,2036
17031612000,429,113,29,29,37,28,49,11,13,5,44,19,9,28,11,0,4,12245,9.412872969386267,1452
17031612100,331,65,38,19,54,14,37,5,9,2,18,5,36,6,23,0,0,14721,9.597030324758013,960
17031620100,1166,45,40,24,148,73,61,99,93,79,57,139,89,68,113,30,8,15214,9.629971335557247,4939
17031620200,730,53,19,5,22,58,53,34,48,54,103,46,79,75,58,0,23,21880,9.993328256535918,2451
17031620300,2026,97,84,77,119,122,94,227,33,98,245,300,203,152,142,17,16,16222,9.69412362463029,7868
17031620400,1198,70,56,100,27,33,22,106,98,51,67,154,234,113,46,16,5,18210,9.809726172721653,4674
17031630100,291,10,19,51,27,45,14,13,18,3,33,19,23,10,0,2,4,14616,9.589872098057842,935
17031630200,575,22,106,29,77,19,65,16,37,28,60,45,45,17,9,0,0,11452,9.345919666218006,2237
17031630300,1250,86,45,28,116,81,45,46,134,95,179,187,98,38,49,15,8,12219,9.410747396316522,5791
17031630400,1742,133,98,167,175,150,216,153,58,40,151,122,188,20,38,33,0,11598,9.358587948436385,7155
17031630500,1500,74,43,118,110,122,69,110,141,143,167,169,130,53,27,10,14,14660,9.592877975440642,6351
17031630800,1715,158,110,91,115,62,111,157,141,119,130,151,189,124,27,30,0,12372,9.423191133804961,7420
17031630900,1294,33,80,185,98,83,10,99,71,135,45,156,217,34,39,9,0,13324,9.49732219931357,5192
17031640100,450,41,25,16,12,35,18,21,25,3,27,29,93,36,46,10,13,27085,10.206735348092,1473
17031640300,2286,68,45,144,64,134,26,55,52,21,141,467,414,296,149,166,44,27538,10.223322148004318,6809
17031640400,1243,32,11,20,103,19,59,72,8,10,94,142,309,219,46,73,26,29455,10.290618953955788,3844
17031640500,1428,57,50,41,31,46,35,43,53,77,127,239,314,139,78,69,29,31616,10.361418600547594,3484
17031640600,1671,86,143,138,142,112,58,155,105,131,123,127,135,100,77,39,0,19687,9.887713798420087,4357
17031640700,1049,70,35,88,56,50,63,34,39,51,120,95,110,154,21,54,9,19978,9.902386947092095,3404
17031640800,527,20,14,29,17,11,38,40,45,46,79,77,40,44,12,12,3,17951,9.79540110267107,1829
17031650100,1215,66,47,90,98,67,108,116,88,72,77,76,151,99,26,34,0,15163,9.62661352880094,4626
17031650200,2089,121,86,88,79,66,61,150,183,132,257,188,301,163,178,24,12,17953,9.795512510870829,7788
17031650301,1542,62,17,70,77,80,100,160,75,53,94,188,219,136,125,57,29,18749,9.83889569664295,5887
17031650302,1064,21,0,35,50,109,89,121,80,55,138,82,135,38,25,52,34,19677,9.887205719961845,4267
17031650400,1680,38,107,37,147,66,68,98,77,170,188,185,299,141,25,26,8,15953,9.677402178300998,6737
17031650500,1344,84,87,16,72,54,53,75,63,97,130,248,156,119,55,20,15,19988,9.902887372464095,4290
