GEOID,black disciples,black p stones,gangster disciples,latin kings,two-six,vice lords
17031221000,0,0,0,0,0,0
17031221100,0,0,0,0,0,0
17031242800,0,0,0,0,0,0
17031242900,0,0,0,0,0,0
17031243000,0,0,0,0.24865553977270125,0,0
17031243100,0,0,0,0,0,0
17031243200,0,0,0,0,0,0
17031243300,0,0,0,0,0,0
17031243400,0,0,0,0,0,0
17031071400,0,0,0,0,0,0
17031110400,0,0,0,0,0,0
17031150600,0,0,0,0,0,0
17031150700,0,0,0,0,0,0
17031150800,0,0,0,0,0,0.12414752461988238
17031151100,0,0,0,0.3723619370495642,0,0
17031151200,0,0,0,0,0,0
17031241500,0,0,0,0,0,0
17031241100,0,0,9.171568316584805e-4,0,0,0
17031241600,0,0,0,0,0,0
17031241300,0,0,0,0.21185291023781122,0,0
17031241400,0,0,0,0.06829932480228139,0,0
17031243500,0,0,0.022259968750547622,0,0,0
17031250200,0,0,0,0,0,0.21629793726767124
17031250300,0,0,0,0,0,0.39302846206012093
17031250400,0,0,0,0,0,0.5420445414202206
17031250500,0,0,0,0,0,0
17031071500,0,0,0,0,0,0
17031071800,0,0,0,0,0,0
17031080100,0,0,0,0,0,0
17031080300,0,0,0,0,0,0
17031080400,0,0.08241727521894654,0.04607236152986801,0,0,0.08241727521894654
17031160100,0,0,0,0,0,0
17031160200,0,0,0,0,0,0
17031160300,0,0,0,0,0,0
17031160400,0,0,0,0,0,0
17031160700,0,0,0,0,0,0
17031221300,0,0,0,0,0,0
17031221500,0,0,0,0,0,0
17031221400,0,0,0,0.060731026384875035,0,0
17031250600,0,0,0,0,0,0.8070366159897377
17031250700,0,0,0,0,0,0.7877508846320656
17031250800,0,0,0,0,0,0.6004792908294038
17031251000,0,0,0,0,0,0.043889810950567695
17031251100,0,0,0,0,0,0.3451255115129505
17031051400,0,0.09818279817569911,0.0669721870902474,0.14082457326978287,0,0
17031060100,0,0,0,0,0,0
17031060300,0,0,0,0,0,0
17031060800,0,0,0.2772188403447572,0,0,0
17031160800,0,0,0,0,0,0
17031160900,0,0,0,0,0,0
17031161000,0,0,0,0,0,0
17031161100,0,0,0,0,0,0
17031161200,0,0,0,0,0,0
17031161300,0,0,0,0,0,0
17031170100,0,0,0,0,0,0
17031221600,0,0,0,0,0,0
17031242100,0,0,0,0,0,0
17031242000,0,0,0.13724325512365318,0,0,0
17031251200,0,0.2922027581377445,0,0,0,0.07675705608225701
17031251300,0,0,0,0,0,0.26601004244791115
17031051300,0,0,0,0,0,0
17031600700,0,0,0,0.03936239012933915,0,0
17031600900,0,0,0,0.3177160541975418,0,0
17031821200,0,0,0,0,0,0
17031672000,0.03494672787864842,8.47678236725353e-4,0.9589476076234834,0,0,0
17031710900,0,0.8372811998649715,0.15968280907351604,0,0,0
17031711000,0.1219283944851683,0.8705395175632471,0,0,0,0
17031711100,0,0.49794728075167183,0.26315726169216114,0,0,0
17031711200,0,0.5350290456112847,0.46201742879631863,0,0,0
17031711500,0,0.8772841308970857,0.008797079418434373,0,0,0
17031711300,0,0.9433616803469482,0.014405539059900935,0,0,0
17031711400,0,0.5644231953326307,0.4295253621128589,0,0,1.6595920897201034e-5
17031270500,0,0,0.006240693113105637,0,0,0.28244227938903016
17031271200,0,0,0.19530006738193115,0,0,0.09481427880504081
17031271300,0,0,0,0,0,0
17031271400,0,0,0,0,0,0.26144948498285603
17031350100,0,0,0,0,0,0
17031350400,0,0,0.16804611729517874,0,0,0
17031351000,0,0,0.003549719069370433,0,0,0
17031351400,0,0,0.9976283493732905,0,0,0
17031360200,0,0,0.8245473402598075,0,0,0
17031430400,0,0,0.48412384204171527,0,0,0.009860484329884442
17031430600,0,0.24414068586396323,0.02821669801652966,0,0,0.7174845736090144
17031430800,0,0.8683452329068388,0,0,0,0.12350821582915823
17031430500,0,0,0.9735277828565274,0,0,0
17031430900,0,0,0.9744213888928848,0,0,0
17031610300,0,0,0,0,0,0
17031681000,0,0,0.9999991282295052,0,0,0
17031681100,0.15511895760660513,0,0.8426416712949668,0,0,0
17031680500,0,0.04999825377924569,0.9474210796918466,0,0,0
17031680900,0.23624012605527356,0,0.7261948341934406,0,0,0
17031810000,0,0,0.19998575740499927,0,0,0
17031720100,0,0,0.06666453656738051,0,0,0
17031720200,0,0,5.706039055279899e-4,0,0,0
17031720300,0,0,0,0,0,0
17031720400,0,0,0,0,0,0
17031720500,0,0,0,0,0,0
17031720600,0,0,0,0,0,0
17031720700,0,0.4526607892742882,0,0,0,0
17031040600,0,0,0,0,0,0
17031040700,0,0,0,0,0,0
17031040800,0,0,0,0,0,0
17031825801,0,0,0,0,0,0
17031380100,0,0,0.2740960358160607,0,0,0
17031380200,0,0,0.3480722728282892,0,0,0
17031431200,0,0.9962220335523684,0,0,0,0
17031431400,0,0.4592608343756144,0,0,0,0
17031810200,0,0,0,0,0,0
17031810301,0,0,0,0,0,0
17031050100,0,0,0,0,0,0
17031610800,0,0,0,0,0,0
17031611000,0,0,0.21235110709324737,0,0,0
17031611100,0,0.37040389574312843,0,0,0,0
17031611300,0,0,0.37215133782936566,0,0,0
17031611400,0,0,0.49760465251863506,0,0,0
17031611500,0,0,0,0,0.4034431095546357,0
17031611900,0,0.9677101335268569,0,0.03037484690047075,0,0
17031681200,0.0772324392224803,0,0.9209178123722993,0,0,0
17031810400,0,0,0,0,0,0
17031810701,0,0,0,0,0,0
17031810702,0,0,0,0,0,0
17031810600,0,0,0,0,0,0
17031691200,0,0,0.996571780243468,0,0,0
17031691100,0.029068597658800693,0,0.8039184716539972,0,0,0
17031730100,0,0.8647750328031825,0.011920729780085211,0,0,0
17031730300,0,0.07011701663852477,0.915800386474773,0,0,0
17031730400,0.0012067585166035616,0.3833222959476761,0.0015812020321440761,0,0,0.44855259477998866
17031813400,0,0,0,0,0,0
17031821401,0,0,0,0,0,0
17031805702,0,0,0,0,0,0
17031821402,0,0,0,0,0,0
17031821600,0,0,0,0,0,0
17031821700,0,0,0,0,0,0
17031290900,0,0,0.013348420367690106,0,0,0
17031291200,0,0,0.25650086213720835,0,0,0
17031421200,0,6.495541948420679e-5,0.3388086875184853,0,0,0.4210618689912688
17031271500,0,0,0,0,0,0.9922906444782221
17031292200,0,0,0,0,0,0.9970550174493351
17031292400,0,0,0,0,0,0.9267618312782983
17031292500,0,0,0.34580560294704876,0,0,0
17031271800,0,0,0,0,0,0.9980116477267705
17031280100,0,0,0,0,0,0
17031280400,0,0,0,0,0,0.20976384898891687
17031300600,0,0,0,0.25156885707338794,0.39051116732094676,0
17031300700,0,0,0,0.9484828521645857,0,0
17031301100,0,0,0,0.9009866460607628,0,0
17031301200,0,0,0,0,0,0
17031480500,0,0,0.16382238772602475,0,0,0
17031490300,0,0,0.9965842285498108,0,0,0
17031490500,0,0.0068601574309564645,0.30301958067066787,0,0,0
17031520200,0,0,0,0.39405376618307764,0,0
17031520300,0,0,0,0.189741106520173,0,0
17031520400,0,0,0,0,0,0
17031520500,0,0,0,0,0,0
17031520600,0,0,0,0.05552924212247982,0,0
17031660500,0,0,0,0,0.9972600666423121,0
17031660600,0,0,0.4218244476144809,0,0,0
17031660700,0,0,0.9947268207623913,0,0,0
17031660800,0,0,0.7443715361177201,0,0,0
17031660900,0,0,0.2700599093870329,0,0.006392695390257796,0
17031661000,0,0,0.5762433309629871,0,0,0
17031280900,0.5323351258483536,0,0,0,0,0
17031301600,0,0,0,0.9987117294681137,0,0
17031490600,0,0.16976175753779452,0.21227719290029845,0,0,0
17031490700,0,0.6174918014736337,0.37724968153966837,0,0,0
17031490800,0.04202225566366529,0.15546038731352183,0.2059087734770086,0,0,0
17031491000,0,0,0.3761965135911238,0,0,0.09353933196862609
17031491100,0,0.11659860810799681,0.2177948859519488,0,0,0.3214687552368527
17031530200,0.13804153040534134,0,0.8426862998895245,0,0,0
17031530300,0,0,0.9977866907839387,0,0,0
17031530400,0,0,0.9980389175509623,0,0,0
17031530600,0,0,0.09853585085286228,0,0,0.2878225817838777
17031560100,0,0,0,0,0,0.006856685122556767
17031670200,0.23155767092307833,0.04987755018018333,0.7047485745084276,0,0,0
17031670300,0.5870901342994224,0.011837895763597341,0.38979174700418756,0,0,0
17031670400,0,0,0.8646273078761488,0,0,0.12702513583217484
17031661100,0,0,0,0.04075918421167594,0,0
17031670100,0,0.05000098248738022,0.9446976723796905,0,0,0
17031670600,0,0.03004046748472589,0.8694625395082985,0,0,0.09117372003515244
17031670700,0,0.12120069360390934,0.8725159804827343,0,0,0
17031670800,0,0,0.9990138386814452,0,0,0
17031670900,0,0,0.9999966453716289,0,0,0
17031260900,0,0,0,0,0,0.8320507046857787
17031261000,0,0,0,0,0,0.5855724749980319
17031281900,0,0,0,0,0,0
17031310200,0,0,0,0,0,0
17031310300,0,0,0,0,0,0
17031310400,0,0,0,0,0,0
17031310500,0,0,0,0,0,0
17031491200,0,0.0012481192413889355,0.8724787719460071,0,0,0
17031491300,0,0.4964083685435346,0,0,0,0.15274102240751403
17031491400,0,0,0.12245340220067437,0,0,0
17031500100,0,0.09812566189317692,0,0,0,0.22172623664263186
17031500200,0,0.1127029385375859,0,0,0,0.10658878906485014
17031500300,0,0,0,0.5127154445387584,0,0
17031560200,0,0,0,0,0,0.8354470810081513
17031560300,0,0,0,0,0,0
17031560700,0,0,0,0.2456305499993908,0,0
17031560800,0,0,0,0.30750477416953914,0,0
17031560900,0,0,0,0,0,0
17031561000,0,0,0,0,0,0
17031600600,0,0,0,0.09091141272337491,0,0
17031811900,0,0,0,0,0,0
17031420600,0.12349041526524779,0,0,0,0,0.8683000642056801
17031110100,0,0,0,0,0,0
17031031400,0,0,0,0,0,0.045015616383323326
17031040900,0,0,0,0,0,0
17031050200,0,0,0,0,0,0
17031050300,0,0,0,0,0,0
17031071700,0,0,0,0,0,0
17031031800,0,0,0,0.4463219147848969,0,0
17031031700,0,0.37728665325716143,0,0.3876915529370352,0,0
17031610400,0,0,0,0,0,0
17031050600,0,0,0,0,0,0
17031050500,0,0,0,0,0,0
17031071600,0,0,0,0,0,0
17031671400,0,0,0.9992411216123749,0,0,0
17031490400,0,0,0.9960521146794463,0,0,0
17031062300,0,0,0,0,0,0
17031630400,0,0,0,0.9960647569881208,0,0
17031822802,0,0,0,0,0,0
17031010100,0,0,0.582791545917227,0,0,0
17031680600,0,0,1,0,0,0
17031807800,0,0,0,0,0,0
17031811100,0,0,0,0,0,0
17031030500,0,0,0.030360191596220134,0.052391977823440315,0,0.12505434330290857
17031020500,0,0,0,0.05339193878095666,0,0
17031081300,0,0,0,0,0,0
17031081000,0,0,0,0,0,0
17031130100,0,0,0,0,0,0
17031170200,0,0,0,0,0,0
17031170300,0,0,0,0,0,0
17031170400,0,0,0,0,0,0
17031170500,0,0,0,0,0,0
17031170600,0,0,0,0,0,0
17031170700,0,0,0,0,0,0
17031170800,0,0,0,0,0,0
17031251400,0,0,0,0,0,0.12387930296564427
17031260300,0,0,0,0,0,0.6036577318756302
17031260500,0,0,0.39779220215700717,0,0,0
17031260600,0,0,0,0,0,0.2807382523723706
17031260700,0,0,0,0,0,0.3649289073960526
17031260800,0,0,0,0,0,0.6748437978712588
17031050700,0,0,0,0,0,0
17031050900,0,0,0,0,0,0
17031051000,0,0,0,0,0,0
17031830900,0,0,0,0.003019529286190246,0,0
17031835200,0,0,0,0,0,0
17031839900,0,0,0,0,0,0
17031839700,0,0,0,0.3213192126925279,0,0
17031839800,0,0,0,0,0,0
17031834800,0.5888791631788793,0,0.4078857042210694,0,0,0
17031834700,0.5964678008567762,0.04834012784439513,0.34703240017771053,0,0,0
17031832000,0,0,0,0,0,0
17031832500,0,0,0,0,0,0
17031832300,0,0,0,0,0,0
17031838300,0,0,0.4765353444065184,0,0,0
17031831800,0,0,0,0.031281729848007526,0,0
17031831700,0,0,0,0,0,0
17031835100,0,0,0,0,0,0.1623145599174143
17031835000,0,0,0.32431854276653144,0,0,0
17031843700,0,0,0,0.015768058263163246,0,0
17031220702,0,0,0,0,0,0
17031842100,0,0,0,0,0,0.38390067016138607
17031843300,0,0,0.25704686872808336,0,0,3.8150325442992e-4
17031831100,0,0,0,0.21581649173825168,0,0
17031831500,0,0,0,0,0,0
17031831600,0,0,0,0,0,0
17031831200,0,0,0,0,0,0
17031831000,0,0,0,0,0,0
17031843000,0,0,0,0,0,0.3718044991177056
17031843100,0,0,0,0,0,0
17031842900,0,0,0,0,0,0
17031843500,0,0,0,0.16114365386888307,0,0
17031842000,0,0,0.08440262208311981,0,0,0
17031770901,0,0,0,0,0,0
17031832400,0,0,0,0,0,0
17031832900,0,0,0,0,0,0
17031840300,0,0,0,0,0,0
17031838600,0,0,0,0,0,0.9879920540829394
17031839600,0,0,0.9980649525915484,0,0,0
17031834900,0,0,1,0,0,0
17031030603,0,0,0,0,0,0.584893449413898
17031832200,0,0,0,0,0,0
17031836700,0,0,0.016222869006376303,0,0,0.2777989359729434
17031836800,0,0,0,0,0,0.008962906091804416
17031836600,0,0,0,0.24691047598831897,0,0.33790171062495256
17031833000,0,0,0,0,0,0
17031842500,0.8804035857855762,7.888818288816947e-7,4.9520876816852514e-6,0,0,0
17031841800,0.04974546288569763,0,0.3090663111776641,0,0,0
17031842800,0,0,0,0,0.21536057322935623,0
17031843800,0,0.24565819881492118,0.04626621117794816,0,0,0
17031841000,0,0,0.10663980988742307,0,0,0
17031836500,0.09244043052734587,0.014801244191558342,0,0,0,0
17031843900,0,0.10855689255495447,0.1808526172783805,0,0,0.05361855356713918
17031834200,0,0.1240173235992158,0.7535075258085523,0,0,0.0790597798109732
17031842200,0,0,0.08024683145927423,0,0,0
17031838000,0.31302522350352463,0,0,0,0,0
17031010702,0,0,0.10513732630699554,0,0,0
17031010503,0,0,0,0,0,0
17031010502,0,0,0,0,0,0
17031010701,0,0,0,0,0,0
17031020902,0,0.08385550922052191,0,0.028644091857742086,0,0
17031020302,0,0,0,0,0,0
17031020601,0,0,0,0,0,0
17031020301,0,0,0,0,0,0
17031760803,0,0,0.08372323713248615,0,0,0
17031530501,0.27941816982740525,0,0.6866474341383635,0,0,0
17031530503,0,0.22264714778229538,0.37519294375426315,0,0,0
17031650301,0,0,0,0,0.09222493209324582,0
17031650302,0,0,0,0,0.998929429959584,0
17031530502,0,0,0.08153233748926345,0,0,0.015424282634091565
17031831300,0,0,0,0,0,0.17832385416116045
17031831400,0,0,0,0.01443284433692537,0,0.0034559065260924083
17031837000,0,0,0.4854354006368735,0,0,0.10662892208488203
17031842400,0,0.5095891185930389,0.419787273870608,0,0,0
17031832100,0,0,0.15219507933628176,0,0,0
17031020802,0,0,0,0.03955578586601028,0,0
17031020702,0,0,0,0.12082937372949121,0,0
17031020801,0,0,0,0,0,0
17031040202,0,0,0,0,0,0
17031040201,0,0,0,0.22493237206106853,0,0
17031040402,0,0,0,0.4064659292901722,0,0
17031031501,0,0,0.25528963309055247,0,0,0
17031081201,0,0,0,0,0,0
17031063301,0,0,0,0,0,0
17031490901,0,0,0,0,0,0
17031490902,0,0,0.3404678260261081,0,0,0
17031301801,0,0,0,0,0.5023248694446679,0
17031700301,0,0,0,0,0.9914445815897639,0
17031301702,0,0,0,0.3719685714876491,0.6232537461590556,0
17031700401,0,0,0,0,0,0
17031837100,0,0,0,0,0,0.044097429203520236
17031837400,0,0,0.3780016678697642,0,0,0.38756932452827564
17031837800,0.08003116393502947,0,0.07777243579073939,0,0,0
17031837300,0,0,0,0,0,0.8834509362953586
17031841500,0,0,0,0,0,0
17031838700,0,0,0,0,0,0.19528287677459308
17031150501,0,0,0,0,0,0
17031150401,0,0,0,0,0,0
17031150502,0,0,0,0,0,0
17031110502,0,0,0,0,0,0
17031150402,0,0,0,0,0,0
17031140302,0,0,0,0,0,0
17031140301,0,0,0,0,0,0
17031700302,0,0,0,0,0.4996716367195905,0
17031580501,0,0,0,0,0.9969411180448371,0
17031580502,0,0,0,0,0.9970065086226941,0
17031730201,0.1609523801916702,0.06661474845297569,0.37448463417278904,0,0,0.38878442217997367
17031301802,0,0,0,0,0.9977051927536432,0
17031440101,0.007202987305111891,0,0.9880537069662071,0,0,0
17031301701,0,0,0,0.49796734332173515,0.4991337564864085,0
17031839100,0,0,0,0,0,0
17031833100,0,0,0,0,0,0.030179299683063213
17031838100,0,0,0,0,0,0
17031833300,0,0,0,0,0,0
17031838200,0,0,0,0,0,0
17031140702,0,0,0,0,0,0
17031140602,0,0,0,0,0,0
17031140701,0,0,0,0,0,0
17031160502,0,0,0,0,0,0
17031160602,0,0,0,0,0,0
17031151002,0,0,0,0.1285582156514184,0,0.12914376572919456
17031151001,0,0,0,0.4959749487854575,0,0.24812854516589067
17031190402,0,0,0,0,0,0
17031431301,0,0.9970070464661879,0,0,0,0
17031431302,0,0.9992079790099625,0,0,0,0
17031460302,0,0,0.3736315567634827,2.896332504579471e-4,0,0
17031460301,0,0.296931077963816,0,0.04375713798069924,0,0
17031700501,0,0.001331783081009862,0.030354091755878672,0,0,0
17031700502,0,0.00913005429443759,0.21365354083767077,0,0,0
17031210601,0,0,0,0,0,0
17031841100,0,0,0.04259877246260006,0,0,0
17031840200,0,0,0,0,0,0
17031841300,0,0,0,0,0,0
17031840700,0,0,0,0.18179534914571366,0,0
17031841600,0,0,0,0,0,0.1938182788363195
17031841700,0,0,0,0.10562884865984205,0,0.14039622539433155
17031190602,0,0,0,0,0,0
17031190401,0,0,0,0,0,0
17031190702,0,0,0,0,0,0.42951225503991636
17031191302,0,0,0,0,0,0
17031190601,0,0,0,0,0,0
17031191301,0,0,0,0,0,0
17031200402,0,0,0,0,0,0
17031200401,0,0,0,0,0,0
17031220902,0,0,0,0,0,0
17031210501,0,0,0,0,0,0
17031160601,0,0,0,0,0,0
17031061901,0,0,0,0,0,0
17031840800,0,0,0,0.9987440959003627,0,0
17031030703,0,0,0,0.16961520164705118,0,0
17031081403,0,0,0,0,0,0
17031030702,0,0,0,0,0,0
17031440102,0.16955283037368338,0,0.5758888756733199,0,0,0
17031440202,0,0,0.9976698668426175,0,0,0
17031841400,0,0,0,0,0,0.9868508134210978
17031830500,0,0,0,0,0.0926878230528876,0
17031840100,0,0,0,0,0,0
17031840400,0,0,0,0,0,0
17031839200,0,0,0,0,0,0
17031835500,0,0,0.043294638627524515,0,0,0.11754970229843008
17031030604,0,0,0,0,0,0
17031031502,0,0,0,0,0,0.9178822437897445
17031081402,0,0,0,0,0,0
17031080201,0,0,0,0,0,0
17031760802,0,0,0,0,0,0
17031140601,0,0,0,0,0,0
17031070102,0,0,0,0,0,0
17031210502,0,0,0,0,0,0
17031540102,0,0.04377555557086403,0.0517838853732288,0,0,0.013937936259792985
17031700402,0,0,0,0,0,0
17031710300,0,0,0,0,0,0
17031010300,0,0,0.6896160541703015,0,0,0
17031010400,0,0,0,0,0,0
17031010600,0,0.04029306530456618,0.5741899057148313,0,0,0
17031020100,0,0,0,0,0,0
17031280800,0,0,0.06292757744826669,0,0,0.11022682968593008
17031420300,0,0,0.6629400227835912,0,0,0
17031100200,0,0,0,0,0,0
17031020200,0,0,0,0,0,0
17031130200,0,0,0,0,0,0
17031020400,0,0,0,0,0,0
17031080202,0,0,0,0,0,0
17031240200,0,0,0,0,0,0
17031611800,0,0.2465557238924239,0.7473294066196314,0,0,0
17031060200,0,0,0,0,0,0
17031221200,0,0,0,0,0,0
17031826500,0,0,0,0,0,0
17031061200,0,0,0,0,0,0
17031030200,0,0,0,0,0,0
17031030300,0,0,0,0.07563700590915046,0,0
17031030400,0,0,0,0.040431499516850905,0,0
17031030900,0,0,0,0,0,0
17031031000,0,0,0,0.9707673521621476,0,0
17031051100,0,0,0,0,0,0
17031051200,0,0,0,0,0,0
17031170900,0,0,0,0,0,0
17031171000,0,0,0,0,0,0
17031171100,0,0,0,0,0,0
17031180100,0,0,0,0,0,0
17031190100,0,0,0,0.25683122771403166,0,0
17031222200,0,0,0,0,0,0
17031222500,0,0,0,0,0,0
17031222600,0,0,0,0.6157432471795214,0,0
17031251500,0,0,0,0,0,0.031156528100129508
17031251600,0,0,0,0,0,0.41195581893589295
17031251700,0,0,0,0,0,0.6335229974443509
17031251800,0,0,0,0,0,0.3742347350552251
17031251900,0,0.11453592190820414,0,0,0,0.515704825300035
17031252000,0,0,0,0,0,0.4980260904465019
17031130300,0,0,0,0,0,0
17031190200,0,0,0,0,0,0
17031190300,0,0,0,0,0,0
17031190800,0,0,0,0,0,0
17031260100,0,0,0,0,0,0.06968992359652555
17031260200,0,0,0,0,0,0.6932873513107114
17031530100,0,0,0.2967016820545827,0.437684324126634,0,0
17031061800,0,0,0,0,0,0
17031823400,0,0,0,0,0,0
17031821500,0,0,0,0,0,0
17031410200,0,0,0,0,0,0
17031222900,0,0,0,0,0,0
17031241000,0,0,0,0,0,0
17031190900,0,0,0,0,0,0
17031191200,0,0,0,0,0,0
17031200100,0,0,0,0,0,0
17031200200,0,0,0,0,0,0
17031200300,0,0,0,0,0,0
17031222700,0,0,0,0.629445570815733,0,0
17031230100,0,0,0,0.6851066456141853,0,0
17031230200,0,0,0,0.7509477850150788,0,0
17031230300,0,0,0,0,0,0
17031230400,0,0,0,0,0,0
17031230500,0,0,0,0,0,0
17031351100,0,0,0.9989376762808557,0,0,0
17031807600,0,0,0,0,0,0
17031611700,0,0,0.9350574248582795,0,0,0.06208488078071423
17031300500,0,0,0,0,0.8307189261409477,0
17031381500,0,0,0.49531261905345075,0,0,0
17031420500,0.07905320648383067,0.16740858024155605,0,0,0,0.7377354162275038
17031811500,0,0,0,0,0,0
17031081500,0,0,0,0,0,0
17031081600,0,0,0,0,0,0
17031081700,0,0,0,0,0,0
17031081800,0,0,0.035400816661266855,0,0,0
17031081900,0,0,0.6190710330977627,0,0,0
17031222800,0,0,0,0,0,0
17031050800,0,0,0,0,0,0
17031210100,0,0,0,0,0,0
17031210400,0,0,0,0,0,0
17031230700,0,0,0,0,0,0.1702031104130145
17031230800,0,0,0,0.5919297171197314,0,0
17031230900,0,0,0,0.9955968094493757,0,0
17031820502,0,0,0,0,0,0
17031820901,0,0,0,0,0,0
17031550200,0,0,0,0,0,0
17031823200,0,0,0,0,0,0
17031823304,0,0,0,0,0,0
17031670500,0,0,0.022639880578319296,0,0,0.3505121304530973
17031820700,0,0,0,0,0,0
17031580800,0,0,0,0,0,0
17031380700,0.207508796404507,0,0.12141192913189362,0,0,0.1087711208128176
17031230600,0.03324798806633894,0,0.032932912143292366,0,0,0.2909189815489494
17031242300,0,0,0,0.24708365327182807,0,0
17031242200,0,0,0,0.1854907552661938,0,0
17031032100,0,0,0,0,0,0
17031820800,0,0,0,0,0,0.4106044718596664
17031300800,0,0,0,0.9987936761147673,0,0
17031060900,0,0,0.07278233935816249,0,0,0
17031061000,0,0,0,0,0,0
17031210700,0,0,0,0,0,0
17031291600,0,0,0,0,0,0
17031400400,0,0,0.9773785969978546,0,0,0
17031191100,0,0,0,0,0,0
17031120100,0,0,0,0,0,0
17031611200,0,0.3752571865408029,0,0,0,0
17031300900,0,0,0,0.9987877549377908,0,0
17031061100,0,0,0,0,0,0
17031061500,0,0,0,0,0,0
17031062000,0,0,0,0,0,0
17031062100,0,0,0.27565620498649596,0,0,0
17031062200,0,0,0.33424873006001554,0,0,0
17031090200,0,0,0,0,0,0
17031090100,0,0,0,0,0,0
17031826401,0,0,0,0,0,0
17031260400,0,0,0,0,0,0.1975298885667033
17031351500,0,0,0.997440566218258,0,0,0
17031210800,0,0,0,0,0,0
17031210900,0,0,0,0,0,0
17031081100,0,0,0,0,0,0
17031241200,0,0,0,0,0,0
17031031200,0,0.4170846451015586,0.03129375991520202,0,0,0
17031062500,0,0,0,0,0,0
17031062600,0,0,0,0,0,0
17031062700,0,0,0,0,0,0
17031062800,0,0,0,0,0,0
17031062900,0,0,0,0,0,0
17031063000,0,0,0.20995018081226652,0,0,0
17031062400,0,0,0,0,0,0
17031063100,0,0,0,0,0,0
17031063200,0,0,0,0,0,0
17031063400,0,0,0,0,0,0
17031090300,0,0,0,0,0,0
17031100100,0,0,0,0,0,0
17031100300,0,0,0,0,0,0
17031140100,0,0,0,0.9951880065918589,0,0
17031140200,0,0,0,0,0,0
17031140400,0,0,0,0,0,0
17031140500,0,0,0,0,0,0
17031242700,0,0,0.07265485604222176,0,0,0
17031070200,0,0,0,0,0,0
17031070300,0,0,0,0,0,0
17031070400,0,0,0,0,0,0
17031070500,0,0,0,0,0,0
17031070600,0,0,0,0,0,0
17031070700,0,0,0,0.14056618750577396,0,0
17031100400,0,0,0,0,0,0
17031100600,0,0,0,0,0,0
17031100700,0,0,0,0,0,0
17031110200,0,0,0,0,0,0
17031150200,0,0,0,0,0,0
17031150300,0,0,0,0,0,0
17031140800,0,0,0,0,0,0
17031231200,0,0,0,0,0,0.9566233256422305
17031231100,0,0,0,0,0,0.11165737264362172
17031242400,0,0,0,0,0,0
17031242500,0,0,0.0038876824152279587,0,0,0
17031120200,0,0,0,0,0,0
17031120300,0,0,0,0,0,0
17031120400,0,0,0,0,0,0
17031231500,0,0,0,0,0,0.7777032178142704
17031071100,0,0,0,0,0,0
17031071000,0,0,0,0,0,0
17031071200,0,0,0,0,0,0
17031071300,0,0,0,0,0,0
17031110300,0,0,0,0,0,0
17031220300,0,0,0,0,0,0
17031220400,0,0,0,0,0,0
17031220500,0,0,0,0,0,0
17031240300,0,0,0,0,0,0
17031240500,0,0,0,0,0,0
17031060400,0,0,0,0,0,0
17031060500,0,0,0,0,0,0
17031240800,0,0,0,0,0,0
17031240600,0,0,0,0,0,0
17031240700,0,0,0,0,0,0
17031240900,0,0,0,4.5738529352971663e-4,0,0
17031242600,0,0,0.002573484422229752,0,0,0
17031310600,0,0,0,0,0,0
17031310700,0,0,0,0,0,0
17031310800,0,0,0,0,0,0
17031020602,0,0,0,0,0,0
17031310900,0,0,0,0,0,0
17031510100,0,0,0,0,0,0
17031510200,0,0,0.504699521389851,0,0,0
17031561100,0,0,0,0,0,0
17031190701,0,0,0,0,0,0
17031020901,0,0.08278163399946006,0,0.13606033737992393,0,0
17031010202,0,0,0.0012961788469501591,0.30258549123945183,0,0
17031570100,0,0,0,0,3.4784075933652197e-4,0
17031570200,0,0,0,0,0,0
17031570300,0,0,0,0,0,0
17031570400,0,0,0,0,0,0
17031570500,0,0,0,0,0,0
17031690400,4.615833153672504e-4,0.7395677737456529,0.16407978015164226,0,0,0.08155263084015738
17031691300,3.687296940921085e-4,0,0.9967909775735938,0,0,0
17031691400,0,0,0.9975709938806763,0,0,0
17031691500,0,0,0.9972631631328873,0,0,0
17031320100,0,0,0,0,0,0
17031320400,0,0,0,0,0,0
17031580100,0,0,0,0,0.2144376527736095,0
17031580200,0,0,0,0,0.8853086649552147,0
17031580300,0,0,0,0,0.9691766011430228,0
17031580400,0,0,0,0,0.21632577317412255,0
17031580600,0,0,0,0,0,0
17031580700,0,0,0,0,0,0
17031681300,0.3105590823273061,0,0.6837198041217146,0,0,0
17031681400,0.31308081724746717,0.0052694207365857285,0.6766096317481898,0,0,0
17031690300,8.501865804317859e-5,0,0.5788706993579411,0,0,0
17031690500,0,0.1914408620333073,0.47971848744386114,0,0,0
17031690900,0.6841381899843317,0,0.3099112810121926,0,0,0
17031691000,0.8691540293183505,5.321721196160969e-4,0,0,0,0.12270717365050642
17031700100,0,0,0,0,0,0
17031700200,0,0,0,0,0.019740398925436865,0
17031320600,0,0,0,0,0,0
17031330100,0,0,0,0,0,0
17031330200,0,0,0.08542531075285692,0,0,0
17031590500,0,0,0,0,0,0
17031590600,0,0,0,0,0,0
17031671200,0,0,1,0,0,0
17031671100,0,0,1,0,0,0
17031671300,0.16464832025636053,0,0.8301570058222535,0,0,0
17031671500,0,0,0.9997411586040585,0,0,0
17031671600,0,0,1,0,0,0
17031671800,0,0,0.7351663959969997,0,0,0.24880994092024114
17031671900,0,0,0.735652489842859,0,0,0.24864938900752223
17031710100,0,0,0.996846922157206,0,0,0
17031710200,0.3320689155974138,0.33157684473939586,0,0,0,0
17031710400,0,0.08014887721858212,0.7341973427891639,0,0,0
17031710500,0,0.19367658917698094,0.7998269462470581,0,0,0
17031710600,0.1620853941092399,0,0.41276223511651444,0,0,0
17031710800,0.1474325457600423,0.6454164377152142,0,0,0,0.19786724610045084
17031340300,0,0,0,0,0,0
17031340500,0,0,0,0,0,0
17031340600,0,0,0.34284131283394137,0,0,0
17031430200,0,0,0.7411240440774158,0,0,0.25027623149072764
17031430300,0.39685152084876857,0,0,0,0,0.37909818066136297
17031510300,0,0,0.5226386824214365,0,0,0
17031520100,0,0,0,0.2783834333496991,0,0
17031590700,0,0,0,0,0,0
17031600400,0,0,0,0,0,0
17031813801,0,0,0,0,0,0
17031830600,0,0.1294490810361654,0,0.12459079839540112,0,0.021524975922774938
17031830800,0,0,0,0,0,0
17031830700,0,0.15726254805623577,0.08379437612299621,0,0,0.12151888128735164
17031030101,0,0,0.5772765308035609,0,0,0
17031030701,0,0,0,0,0,0
17031070103,0,0,0,0,0,0
17031807900,0,0,0,0,0,0
17031808001,0,0,0,0,0,0
17031808002,0,0,0,0,0,0
17031831900,0,0,0,0,0,0
17031832600,0,0,0,0,0,0
17031836900,0,0,0,0,0,0.24645550109483086
17031841200,0,0,0,0,0,0
17031839500,0,0,0.5677784862551872,0,0,0
17031835800,0.18741126604830996,0,0.7103958894680305,0,0,0
17031838800,0,0,0.012095872941698805,0,0,0
17031842300,0,0,0.019825005906941758,0,0,0
17031841900,0,0,0,0,0,0
17031843200,0,0,0,0,0,0
17031843400,0,0,0.014716931465120221,0,0,0.0014815328378535411
17031842600,0,0,0,0,0,0.002562347883609799
17031301803,0,0,0,0,0.9994081548574233,0
17031220701,0,0,0,0,0,0
17031063302,0,0,0,0,0,0
17031252201,0,0,0,0,0,0.08731841546300902
17031660302,0,0,0,0,0,0
17031660301,0,0,0.6154777041187689,0,0,0
17031730202,0,0.4839962815110268,0.5126584344898918,0,0,0
17031813302,0,0,0,0,0,0
17031813301,0,0,0,0,0,0
17031835600,0,0,0.27829398104723657,0,0,0
17031840000,0,0,0,0,0,0
17031836400,0,0.06262447975947515,0,0,0,0
17031835700,0,0,0.9937308446281914,0,0,0
17031836100,0,0.05536668658869898,0.4800455095885257,0,0,0
17031834600,0.254764350854783,2.69424225893029e-6,0.08312022739834607,0,0,0
17031843600,0.1984942544810869,0.39761421618254605,0,0,0,0
17031061902,0,0,0,0,0,0
17031030102,0,0,0.5769563293968769,0,0,0
17031030103,0,0,0.18429638921040467,0,0,0
17031030706,0,0,0,0,0,0
17031030601,0,0,0,0,0,0.34156198731254156
17031081202,0,0,0,0,0,0
17031063303,0,0,0,0,0,0
17031220901,0,0,0,0,0,0
17031210602,0,0,0,0,0,0
17031220602,0,0,0,0,0,0
17031220601,0,0,0,0,0,0
17031040401,0,0,0,0,0,0
17031252202,0,0,0,0,0,0.8381855194259118
17031252102,0,0,0,0,0,0.282958941560443
17031836300,0,0.2874288686615272,0,0,0,0
17031834500,0.41948909173104565,0,0.41405398882331923,0,0,0
17031835900,0,0,0.010113457086688647,0,0,0.35122587667012595
17031836000,0.6625891578053047,0,0,0,0,0.08034690009121757
17031836200,0,0,0,0,0,0
17031834400,0,0,0.33235734305545583,0,0,0
17031834300,0.3292501918183237,0,0.16222396823913296,0,0,0
17031070101,0,0,0,0,0,0
17031110501,0,0,0,0,0,0
17031030104,0,0,0.05278215493992261,0,0,0
17031081401,0,0,0,0,0,0
17031430102,0,0.6254906482423259,0.36689082705864406,0,0,0
17031770902,0,0,0,0,0,0
17031430101,0,0.2493486114232989,0.494008577117802,0,0,0.24749450088753083
17031252101,0,0,0,0,0,0.012670885319492812
17031010501,0,0,0.6536310364481915,0,0,0
17031020701,0,0,0,0,0,0
17031010201,0,0.28762343448069927,0,0.11941966411489167,0,0.03428450248049754
17031760801,0,0,0,0,0,0
17031839000,0,0,0,0,0,0
17031440201,0,0,0.9958223928193803,0,0,0
17031540101,0.05491133026952312,0,0.1171630264463795,0,0,0
17031834000,0,0.017510895136050846,0.9803761598406247,0,0,0
17031833900,0,0.04819588910538108,0.1774757285780886,0.2122510225995993,0,0
17031730500,0,0.497522777422302,1.7752815927627656e-5,0,0,0.4483335418845204
17031730600,0,0.10345336453901212,0.6088519462007277,0,0,0.0032108075419216638
17031380500,0,0,0,0,0,0
17031381200,0.33049702571280815,0,0.2500239467273405,0,0,0.04402485389540345
17031381400,0,0,0.07576858663204096,0,0,0
17031381700,0,0,0.9949095805862926,0,0,0
17031440300,0,0,0.995976505253332,0,0,0
17031810800,0,0,0,0,0,0
17031810900,0,0,0,0,0,0
17031612000,0,0.9987961921636773,0,0,0,0
17031612100,0,0.9987534364726995,0,0,0,0
17031620100,0,0,0,0.6915865853333486,0,0
17031620200,0,0,0,0,0,0
17031620300,0,0,0,0,0,0
17031620400,0,0,0,0.9755580177359107,0,0
17031630100,0,0,0.050597438483242316,0,0,0
17031810501,0,0,0,0,0,0
17031810502,0,0,0,0,0,0
17031812200,0,0,0,0,0,0
17031730700,0,0,0,0,0,0.9965676281518486
17031740100,0,0,0,0,0,0
17031740200,0,0,0,0,0,0
17031740300,0,0,0,0,0,0
17031740400,0,0,0,0,0,0
17031381800,0,0,0,0,0,0
17031381900,0,0.5034126921514926,0,0,0,0
17031390100,0,0,0,0,0,0
17031390200,0,0,0.45623890086913926,0,0,0
17031390300,0,0.4434154115156506,0,0,0,0
17031390400,0,0.07299060011543877,0,0,0,0
17031390500,0,0,0,0,0,0
17031390600,0,0,0,0,0,0
17031390700,0,0.061956386496927134,0,0,0,0
17031812500,0,0,0,0,0,0
17031440600,0,0,0.9970940575933167,0,0,0
17031440900,0,0,0.9976872751245537,0,0,0
17031440700,0,0,0.9989708816315125,0,0,0
17031440800,0,0.09270145229624896,0.45680721070655395,0,0,0.26901699213803637
17031630200,0,0,0,0.25743046437242134,0,0
17031630300,0,0,0,0.3738690603891334,0,0
17031630500,0,0,0,0.9972206713116376,0,0
17031630800,0,0,0,0.24761501222238225,0.1544594695998385,0
17031630900,0,0,0,0,0,0
17031640100,0,0,0,0,0.5873756018893024,0
17031640300,0,0,0,0,0,0
17031750100,0,0,0.7191650035649767,0,0,0.10720803413074495
17031750200,0,0,0.19217412252757962,0,0,0
17031750300,0,0,0,0,0,0
17031750400,0,0,0,0,0,0
17031750500,0,0,0.60479693299928206,0,0,0
17031282700,0,0,0,0,0,0.5021238487219212
17031282800,0,0,0,0,0,0
17031400300,0,0.11622870240393902,0.10912659460712773,0,0,0
17031400500,0,0,0.6460411323052475,0,0,0
17031400800,0.9981997423475986,0,0,0,0,0
17031410100,0,0.1594801567881027,0,0,0,0
17031410500,0,0.7062475904621424,0,0,0,0
17031410600,0,0.28271519948320656,0,0,0,0
17031460100,0,0.01675393890150968,0.03631997229269434,0.008028979940941353,0,0.06663080448301531
17031450300,0,0.21875277104340393,1.012318215096833e-4,0,0,0
17031460200,0,0,0.04010812000467122,0.563016200432994,0,0
17031640400,0,0,0,0,0,0
17031640500,0,0,0,0,0,0
17031640600,0,0,0,0,0,0
17031640700,0,0,0,0,0,0
17031640800,0,0,0,0,0,0
17031650100,0,0,0,0,0.7472941696609608,0
17031650200,0,0,0,0,0,0
17031750600,0,0,0.9986699344462344,0,0,0
17031812600,0,0,0,0,0,0
17031820300,0,0,0,0,0,0
17031820400,0,0,0,0,0,0
17031820902,0,0,0,0,0,0
17031283100,0,0,0,0,0,0
17031283800,0,0,0,0,0,0
17031410700,0,0,0,0,0,0
17031410800,0,0.3333300414250554,0,0,0,0
17031410900,0,0,0,0,0,0
17031411000,0,0,0,0,0,0
17031411100,0,0,0,0,0,0
17031411200,0,0,0,0,0,0
17031460600,0,0.34026322678505777,0,0,0,0
17031460700,0,0.10788760791705652,0.21963499778138432,0.1342331193153802,0,0
17031460400,0,0.030656169519817818,0,0,0,0
17031460500,0,0,0.3134610281024401,0,0,0
17031461000,0,0.012318133952159109,0.0900110473289775,0,0,0
17031813000,0,0,0,0,0,0
17031813100,0,0,0,0,0,0
17031821102,0,0,0,0,0,0
17031420100,0,0.26187146471204725,0,0,0,0
17031420200,0,0.5018415218619516,0,0,0,0
17031420400,0,0,0.44161459731469555,0,0,0.2178824777879246
17031420700,0.015539911581455805,0,0.7893997941516202,0,0,0
17031805402,0,0,0,0,0,0
17031420800,0,0,0.26311045192168525,0,0,0
17031470100,0,0.008962678387006592,0.37224674769509947,0,0,0.03024488952972161
17031480100,0,0,0,0,0,0
17031480200,0,0,2.211319710920162e-10,0,0,0
17031480300,0,0,0.9936259305506588,0,0,0
17031480400,0,0,0.9982776968068837,0,0,0
17031805502,0,0,0,0,0,0
17031805600,0,0,0,0,0,0
17031650400,0,0,0,0,0.6004729457424826,0
17031650500,0,0,0,0,0,0
17031660400,0,0,0,0,0.7479537669302084,0
17031030800,0,0,0,0,0,0
17031031100,0,0,0,0.11195901543669937,0,0
17031812100,0,0,0,0,0,0
17031821900,0,0,0,0,0,0
17031822000,0,0,0,0,0,0
17031822101,0,0,0,0,0,0
17031031300,0,0,0,0,0,0
17031031900,0,0,0,0.6071083263954112,0,0
17031813500,0,0,0,0,0,0
17031822701,0,0,0,0,0,0
17031822702,0,0,0,0,0,0
17031814200,0,0,0,0,0,0
17031823303,0,0,0,0,0,0
17031823500,0,0,0,0,0,0
17031160501,0,0,0,0,0,0
17031040100,0,0,0,0.0043748930301963675,0,0
17031040300,0,0,0,0.004576858508727634,0,0
17031825700,0,0,0,0,0,0
17031611600,0,0,0.9257336102207107,0,0,0
17031340400,0,0,0,0,0,0
17031430700,0,0.9985060450596243,0,0,0,0
17031808100,0,0,0,0,0,0
17031191000,0,0,0,0,0,0
17031560400,0,0,0,0.598635893302853,0,0
17031710700,0,0.3317700114293863,0.08288602210099158,0,0,0
17031550100,0,0,0,0,0,0
17031283200,0,0,0,0,0,0
17031100500,0,0,0,0,0,0
